"2023-06-02 01:17 AM;2023-06-02 09:17 AM;2023-06-02 05:17 PM;2023-06-03 01:17 AM;2023-06-10 01:17 AM;2023-06-10 09:17 AM;2023-06-17 09:17 AM;","A few years ago, I went on a trekking trip in the Himalayas that took me close to the India-China border. As we were resting near a small settlement, we heard the sound of gunfire in the distance. Our guide told us that it was coming from the other side of the border, and that it was not uncommon to hear such sounds in that region. At that moment, I realized the gravity of the situation and how the border dispute between two of the world's most populated countries could have dire consequences.
The China-India border dispute has been ongoing since the 1950s and has resulted in several conflicts between the two nations. The dispute is primarily over the region of Aksai Chin, which is claimed by India but controlled by China, and the Indian state of Arunachal Pradesh, which China claims as its territory. The dispute is also exacerbated by strategic interests, ethnic and cultural differences, and economic motivations.
The importance of the dispute can be quantified in several ways:
The China-India border dispute is not just a regional conflict; it is a global concern. Here are some reasons why:
It is evident that the China-India border dispute has far-reaching implications that extend beyond their borders. It is therefore crucial that the dispute is resolved urgently and peacefully.
https://akash.mittal.blog//2023/6/1/Why-We-Should-All-Worry-About-the-China-India-Border-Dispute.html
#trending #ChinaIndiaBorderDispute #GlobalConcern #Security #Stability #UrgentResolution ","","","linkedin","The Asia Dialogue","","","","","","2023-06-01-00-47-53-341","https://akash.mittal.blog//2023/6/1/Why-We-Should-All-Worry-About-the-China-India-Border-Dispute.html","https://akash.mittal.blog//2023/6/1/images/Why-We-Should-All-Worry-About-the-China-India-Border-Dispute.jpeg"
"2023-06-02 01:17 AM;2023-06-02 09:17 AM;2023-06-02 05:17 PM;2023-06-03 01:17 AM;2023-06-10 01:17 AM;2023-06-10 09:17 AM;2023-06-17 09:17 AM;","Why We Should All Worry About the China India Border Dispute
https://akash.mittal.blog//2023/6/1/Why-We-Should-All-Worry-About-the-China-India-Border-Dispute.html
#trending #ChinaIndiaBorderDispute #GlobalConcern #Security #Stability #UrgentResolution ","https://akash.mittal.blog//2023/6/1/images/Why-We-Should-All-Worry-About-the-China-India-Border-Dispute.jpeg","","twitter","tweetakash_here","","","","","","2023-06-01-00-47-53-341","https://akash.mittal.blog//2023/6/1/Why-We-Should-All-Worry-About-the-China-India-Border-Dispute.html","https://akash.mittal.blog//2023/6/1/images/Why-We-Should-All-Worry-About-the-China-India-Border-Dispute.jpeg"
"2023-06-02 01:32 AM;2023-06-02 09:32 AM;2023-06-02 05:32 PM;2023-06-03 01:32 AM;2023-06-10 01:32 AM;2023-06-10 09:32 AM;2023-06-17 09:32 AM;","Imagine this: the year is 2025 and a squadron of Chinese fighter jets are headed towards a disputed territory in Asia. On the other side of the airspace, a group of NATO jets are on standby. Suddenly, the unthinkable happens - the NATO jets detect that the Chinese planes are being flown by former NATO pilots.
This may sound far-fetched, but it's not entirely impossible. In recent years, China has been actively recruiting former NATO pilots to fly its fighter jets, particularly for the J-20 stealth fighter program. These pilots bring with them years of military experience, as well as valuable knowledge of NATO's tactics and technology.
According to reports, China has been recruiting former NATO pilots for several years, with a particular focus on countries such as the UK, France, and Germany. In 2016, it was reported that China was actively seeking to recruit as many as 20 former RAF fighter pilots to fly its J-20 stealth fighter jets.
There have also been reports of Chinese universities offering lucrative salaries and benefits to foreign military personnel, specifically targeting former NATO pilots. These universities are said to be developing weapons systems, unmanned aerial vehicles, and other military technology for the Chinese military, and are in need of skilled personnel to work on these projects.
Furthermore, there are concerns that China's recruitment of former NATO pilots is not limited to just fighter jets. Reports suggest that the Chinese military is seeking to recruit former military personnel from all fields, including ground forces and naval personnel. This has raised alarm bells among some NATO member states, as it could potentially give China valuable insight into NATO's military capabilities.
https://akash.mittal.blog//2023/6/1/Why-China-s-Recruitment-of-Former-NATO-Pilots-is-Raising-Eyebrows.html
#trending #China #NATO #MilitaryCapability #SecurityThreats #NationalSecurity #IntellectualPropertyTheft #RecruitmentDrive #FighterJets #StealthFighters #FormerMilitaryPersonnel #GeopoliticalLandscape ","","","linkedin","The Asia Dialogue","","","","","","2023-06-01-00-47-53-341","https://akash.mittal.blog//2023/6/1/Why-China-s-Recruitment-of-Former-NATO-Pilots-is-Raising-Eyebrows.html","https://akash.mittal.blog//2023/6/1/images/Why-China-s-Recruitment-of-Former-NATO-Pilots-is-Raising-Eyebrows.jpeg"
"2023-06-02 01:32 AM;2023-06-02 09:32 AM;2023-06-02 05:32 PM;2023-06-03 01:32 AM;2023-06-10 01:32 AM;2023-06-10 09:32 AM;2023-06-17 09:32 AM;","Why China's Recruitment of Former NATO Pilots is Raising Eyebrows
https://akash.mittal.blog//2023/6/1/Why-China-s-Recruitment-of-Former-NATO-Pilots-is-Raising-Eyebrows.html
#trending #China #NATO #MilitaryCapability #SecurityThreats #NationalSecurity #IntellectualPropertyTheft #","https://akash.mittal.blog//2023/6/1/images/Why-China-s-Recruitment-of-Former-NATO-Pilots-is-Raising-Eyebrows.jpeg","","twitter","tweetakash_here","","","","","","2023-06-01-00-47-53-341","https://akash.mittal.blog//2023/6/1/Why-China-s-Recruitment-of-Former-NATO-Pilots-is-Raising-Eyebrows.html","https://akash.mittal.blog//2023/6/1/images/Why-China-s-Recruitment-of-Former-NATO-Pilots-is-Raising-Eyebrows.jpeg"
"2023-06-02 01:47 AM;2023-06-02 09:47 AM;2023-06-02 05:47 PM;2023-06-03 01:47 AM;2023-06-10 01:47 AM;2023-06-10 09:47 AM;2023-06-17 09:47 AM;","Corruption is a pervasive issue in many countries around the world, and Pakistan is no exception. For years, the country has been plagued by corrupt officials who have siphoned off public funds to fill their own pockets, leaving ordinary citizens struggling to make ends meet.
But there are signs that things may be changing for the better. Last week, the country's accountability court granted bail to former cricketer and current prime minister Imran Khan in the Al Qadir corruption case. This decision marks a significant milestone in the ongoing crackdown on corruption in the country, and could have far-reaching implications for Pakistan and its people.
The fact that Imran Khan, one of the country's most high-profile politicians, has been implicated in a corruption case is indicative of the scale of the problem facing Pakistan. For many years, corrupt officials have been able to operate with relative impunity, using their positions of power to line their own pockets and to protect themselves from prosecution.
However, the recent crackdown on corruption, which has seen scores of politicians, officials and businesspeople arrested and prosecuted, represents a turning point in Pakistan's history. For the first time, there is a sense that those responsible for corruption are being held to account, and that the country's people can have faith in the integrity of the justice system.
To fully understand the significance of the Al Qadir corruption case and other similar cases, it is important to look at the impact that corruption has had on Pakistan and its people.
https://akash.mittal.blog//2023/6/1/Imran-Khan-granted-bail-until-June-19.html
#trending #Pakistan #ImranKhan #bail #corruption #accountabilitycourt #AlQadir #crackdown ","","","linkedin","The Asia Dialogue","","","","","","2023-06-01-00-47-53-341","https://akash.mittal.blog//2023/6/1/Imran-Khan-granted-bail-until-June-19.html","https://akash.mittal.blog//2023/6/1/images/Imran-Khan-granted-bail-until-June-19.jpeg"
"2023-06-02 01:47 AM;2023-06-02 09:47 AM;2023-06-02 05:47 PM;2023-06-03 01:47 AM;2023-06-10 01:47 AM;2023-06-10 09:47 AM;2023-06-17 09:47 AM;","Imran Khan granted bail until June 19
https://akash.mittal.blog//2023/6/1/Imran-Khan-granted-bail-until-June-19.html
#trending #Pakistan #ImranKhan #bail #corruption #accountabilitycourt #AlQadir #crackdown ","https://akash.mittal.blog//2023/6/1/images/Imran-Khan-granted-bail-until-June-19.jpeg","","twitter","tweetakash_here","","","","","","2023-06-01-00-47-53-341","https://akash.mittal.blog//2023/6/1/Imran-Khan-granted-bail-until-June-19.html","https://akash.mittal.blog//2023/6/1/images/Imran-Khan-granted-bail-until-June-19.jpeg"
