"2024-01-07 12:21 am;","CMCSA: 3 Internet Stocks to Watch for 2024 Investments - StockNews.com
3 Internet Stocks to Watch for 2024 Investments. NASDAQ: CMCSA   Comcast Corporation CI A News, Ratings, and Charts. CMCSA   The internet industry ...
More Info. 
https://stocknews.com/news/cmcsa-wix-angi-3-internet-stocks-to-watch-for-2024-investments/
#web3#Webtribeinc#ai#chatgpt","","","linkedin","WebTribe Inc.","","","","","","2024-01-06-22-52-17-627","https://stocknews.com/news/cmcsa-wix-angi-3-internet-stocks-to-watch-for-2024-investments/",
"2024-01-07 01:50 am;","Jeff Bezos, Nvidia back AI search startup Perplexity - Fortune
The AI search startup's CEO says  Google is going to be viewed as something that's legacy and old.
More Info. 
https://fortune.com/2024/01/06/jeff-bezos-nvidia-funding-round-ai-search-startup-google-rival-perplexity/
#web3#Webtribeinc#ai#chatgpt","","","linkedin","WebTribe Inc.","","","","","","2024-01-06-22-52-17-627","https://fortune.com/2024/01/06/jeff-bezos-nvidia-funding-round-ai-search-startup-google-rival-perplexity/",
"2024-01-07 03:19 am;","Inside Hezbollah Tunnels  Lebanon's Underworld Vs Gaza's Terror Web - YouTube
Inside Hezbollah Tunnels  Lebanon's Underworld Vs Gaza's Terror Web  Israel War Enters Final Stage? 3 waiting  israel  hezbollah  hezbollahtunnels ...
More Info. 
https://www.youtube.com/watch?v=Qf1-qMToNns
#web3#Webtribeinc#ai#chatgpt","","","linkedin","WebTribe Inc.","","","","","","2024-01-06-22-52-17-627","https://www.youtube.com/watch?v=Qf1-qMToNns",
"2024-01-07 04:48 am;","Odaia
ODAIA is developing cutting-edge predictive analytics AI platforms to facilitate improved health journeys by enhancing interactions with ...
More Info. 
https://www.odaia.ai/
#web3#Webtribeinc#ai#chatgpt","","","linkedin","WebTribe Inc.","","","","","","2024-01-06-22-52-17-627","https://www.odaia.ai/",
"2024-01-07 06:17 am;","ChatGPT 'mostly' accurate when answering questions on breast biopsies, with 1 major exception
... ChatGPT is at dishing out medical advice. A team from Johns Hopkins University conducted a new study that found the popular AI chatbot provided ...
More Info. 
https://healthimaging.com/topics/medical-imaging/womens-imaging/chatgpt-study-breast-cancer-biospy-john-hopkins
#web3#Webtribeinc#ai#chatgpt","","","linkedin","WebTribe Inc.","","","","","","2024-01-06-22-52-17-627","https://healthimaging.com/topics/medical-imaging/womens-imaging/chatgpt-study-breast-cancer-biospy-john-hopkins",
"2024-01-07 07:46 am;","ChatGPT and NYT Lawsuit: What It Means for Enterprise AI - PYMNTS.com
The legal tussle between The New York Times and OpenAI is shining a spotlight on artificial intelligence training data.
More Info. 
https://www.pymnts.com/news/artificial-intelligence/2024/chatgpt-got-lazier-before-new-york-times-lawsuit-what-it-means-enterprise-ai/
#web3#Webtribeinc#ai#chatgpt","","","linkedin","WebTribe Inc.","","","","","","2024-01-06-22-52-17-627","https://www.pymnts.com/news/artificial-intelligence/2024/chatgpt-got-lazier-before-new-york-times-lawsuit-what-it-means-enterprise-ai/",
"2024-01-07 09:15 am;","CES 2024: How to watch as Nvidia, Samsung and more reveal hardware, AI updates
CES 2024 will be here before we know it, taking over Las Vegas with throngs of crowds, tons of of products and a lot of big claims about AI.
More Info. 
https://techcrunch.com/2024/01/04/ces-2024-how-to-watch-as-nvidia-samsung-and-more-reveal-hardware-ai-updates/
#web3#Webtribeinc#ai#chatgpt","","","linkedin","WebTribe Inc.","","","","","","2024-01-06-22-52-17-627","https://techcrunch.com/2024/01/04/ces-2024-how-to-watch-as-nvidia-samsung-and-more-reveal-hardware-ai-updates/",
"2024-01-07 10:44 am;","Visa using AI to protect credit card users from hackers - NBC News
At Visa  39 s command center in Virginia, they monitor 76000 transactions a second across more than 200 countries, facing off against hackers and nbsp ...
More Info. 
https://www.nbcnews.com/nightly-news/video/visa-using-ai-to-protect-credit-card-users-from-hackers-201452101990
#web3#Webtribeinc#ai#chatgpt","","","linkedin","WebTribe Inc.","","","","","","2024-01-06-22-52-17-627","https://www.nbcnews.com/nightly-news/video/visa-using-ai-to-protect-credit-card-users-from-hackers-201452101990",
"2024-01-07 12:13 pm;","Greg Brockman on X:  ChatGPT is an empowerment engine. You can talk to it about ...
ChatGPT is an empowerment engine. You can talk to it about whatever you want, and it does its best to help you accomplish your goals   within ...
More Info. 
https://twitter.com/gdb/status/1743325871031926807
#web3#Webtribeinc#ai#chatgpt","","","linkedin","WebTribe Inc.","","","","","","2024-01-06-22-52-17-627","https://twitter.com/gdb/status/1743325871031926807",
"2024-01-07 01:42 pm;","ChatGPT Bombs Test On Diagnosing Kids' Medical Cases With 83  Error Rate - Slashdot
An anonymous reader quotes a report from Ars Technica: ChatGPT is still no House, MD. While the chatty AI bot has previously underwhelmed with its ...
More Info. 
https://science.slashdot.org/story/24/01/04/2038233/chatgpt-bombs-test-on-diagnosing-kids-medical-cases-with-83-error-rate
#web3#Webtribeinc#ai#chatgpt","","","linkedin","WebTribe Inc.","","","","","","2024-01-06-22-52-17-627","https://science.slashdot.org/story/24/01/04/2038233/chatgpt-bombs-test-on-diagnosing-kids-medical-cases-with-83-error-rate",
"2024-01-07 03:11 pm;","Innovation In Action: 3 Media Web Drives Growth Through Seamless Digital Experiences
For over two decades, 3 Media Web has offered innovative strategies and solutions to its clients. It evolved from a custom web development agency to ...
More Info. 
https://www.ibtimes.com/innovation-action-3-media-web-drives-growth-through-seamless-digital-experiences-3721474
#web3#Webtribeinc#ai#chatgpt","","","linkedin","WebTribe Inc.","","","","","","2024-01-06-22-52-17-627","https://www.ibtimes.com/innovation-action-3-media-web-drives-growth-through-seamless-digital-experiences-3721474",
"2024-01-07 04:40 pm;","3 Ways Access to the Internet Makes Lives Better in Ghana   by USAID - Medium
3 Ways Access to the Internet Makes Lives Better in Ghana. How the USAID Microsoft Airband Initiative is bridging the digital divide. USAID   U.S. ...
More Info. 
https://medium.com/usaid-2030/3-ways-access-to-the-internet-makes-lives-better-in-ghana-88fea7627df1
#web3#Webtribeinc#ai#chatgpt","","","linkedin","WebTribe Inc.","","","","","","2024-01-06-22-52-17-627","https://medium.com/usaid-2030/3-ways-access-to-the-internet-makes-lives-better-in-ghana-88fea7627df1",
"2024-01-07 06:09 pm;","Announcement on Gate Web3 Startup Project Turbopepe  VROOM  and Rules of Participation
... Web3 Startup  on July 3, 2023, and occasionally conducts airdrop plans for blockchain projects. Gate Web3 Wallet users can receive tokens or NFT ...
More Info. 
https://finance.yahoo.com/news/announcement-gate-web3-startup-project-112029345.html
#web3#Webtribeinc#ai#chatgpt","","","linkedin","WebTribe Inc.","","","","","","2024-01-06-22-52-17-627","https://finance.yahoo.com/news/announcement-gate-web3-startup-project-112029345.html",
"2024-01-07 07:38 pm;","Even more businesses will use AI and data to boost sales and services in 2024   ZDNET
AI and data will have a big impact on organizations this year - and there's five other areas that business and technology leaders will need to ...
More Info. 
https://www.zdnet.com/article/even-more-businesses-will-use-ai-and-data-to-boost-sales-and-services-in-2024/
#web3#Webtribeinc#ai#chatgpt","","","linkedin","WebTribe Inc.","","","","","","2024-01-06-22-52-17-627","https://www.zdnet.com/article/even-more-businesses-will-use-ai-and-data-to-boost-sales-and-services-in-2024/",
"2024-01-07 09:07 pm;","Palantir Stock Falls After Downgrade. Analyst Says AI Hype Overdone - Barron's
Palantir Downgraded on Overblown AI Hype. ... While Jefferies says the company still has an AI advantage in the long term, its valuation has become ...
More Info. 
https://www.barrons.com/articles/palantir-stock-downgrade-ai-eac40cac
#web3#Webtribeinc#ai#chatgpt","","","linkedin","WebTribe Inc.","","","","","","2024-01-06-22-52-17-627","https://www.barrons.com/articles/palantir-stock-downgrade-ai-eac40cac",
"2024-01-07 10:36 pm;","Don't get too excited about the Samsung Galaxy S24's AI features   Digital Trends
The Samsung Galaxy S24 is coming soon, and Galaxy AI will be a big part of it. It's a tantalizing premise, but let's not get too ahead of ...
More Info. 
https://www.digitaltrends.com/mobile/samsung-galaxy-s24-ai-features-dont-get-too-excited-why/
#web3#Webtribeinc#ai#chatgpt","","","linkedin","WebTribe Inc.","","","","","","2024-01-06-22-52-17-627","https://www.digitaltrends.com/mobile/samsung-galaxy-s24-ai-features-dont-get-too-excited-why/",
"2024-01-08 12:05 am;","Is 2024 the year Web3 gets its 'ChatGPT moment'? - Fortune
A prominent VC predicts Web3 will have its  ChatGPT moment  and enter the mainstream this year. Jonathan Raa NurPhoto Getty Images. Happy Friday.
More Info. 
https://fortune.com/crypto/2024/01/05/web3-mainstream-chatgpt-moment/
#web3#Webtribeinc#ai#chatgpt","","","linkedin","WebTribe Inc.","","","","","","2024-01-06-22-52-17-627","https://fortune.com/crypto/2024/01/05/web3-mainstream-chatgpt-moment/",
"2024-01-08 01:34 am;","10 Problem-Solving ChatGPT Prompts For Your New Tech Startup Idea - AfroTech
ChatGPT is an AI chatbot with vast knowledge that can aid in developing startup ideas. However, it works best when provided with a specific prompt ...
More Info. 
https://afrotech.com/chatgpt-prompts-for-new-tech-startup-ideas
#web3#Webtribeinc#ai#chatgpt","","","linkedin","WebTribe Inc.","","","","","","2024-01-06-22-52-17-627","https://afrotech.com/chatgpt-prompts-for-new-tech-startup-ideas",
"2024-01-08 03:03 am;","Prompt Like A Pro With ChatGPT, And You'll Get Unparalleled Output - Inman
Rajeev Sajja and Jimmy Burgess offer a four-step formula for making your ChatGPT input the best it can be, so you get the results you really want.
More Info. 
https://www.inman.com/?p=1009978
#web3#Webtribeinc#ai#chatgpt","","","linkedin","WebTribe Inc.","","","","","","2024-01-06-22-52-17-627","https://www.inman.com/?p=1009978",
"2024-01-08 04:32 am;","Visa launches Web3 Loyalty Engagement Solution - ThePaypers
Visa has launched a new loyalty solution called the Visa Web3 Loyalty Engagement Solution, enabling brands to gamify rewards.
More Info. 
https://thepaypers.com/payments-general/visa-launches-web3-loyalty-engagement-solution--1266106
#web3#Webtribeinc#ai#chatgpt","","","linkedin","WebTribe Inc.","","","","","","2024-01-06-22-52-17-627","https://thepaypers.com/payments-general/visa-launches-web3-loyalty-engagement-solution--1266106",
"2024-01-08 06:01 am;","3 Internet Stocks to Watch From a Challenging Industry - January 5, 2024 - Zacks.com
The Zacks Internet - Content industry participants like Airbnb  ABNB , Perion Network  PERI  and Similarweb  SMWB  are benefiting from expanding ...
More Info. 
https://www.zacks.com/commentary/2206324/3-internet-stocks-to-watch-from-a-challenging-industry
#web3#Webtribeinc#ai#chatgpt","","","linkedin","WebTribe Inc.","","","","","","2024-01-06-22-52-17-627","https://www.zacks.com/commentary/2206324/3-internet-stocks-to-watch-from-a-challenging-industry",
"2024-01-08 07:30 am;","AMD Seeks to Boost Artificial Intelligence  AI  Chip Capacity in 2024 -- Should Nvidia Investors ...
Advanced Micro Devices is reportedly looking for other CoWoS packaging providers to help increase the number of AI chips it can bring to the ...
More Info. 
https://finance.yahoo.com/news/amd-seeks-boost-artificial-intelligence-223209071.html
#web3#Webtribeinc#ai#chatgpt","","","linkedin","WebTribe Inc.","","","","","","2024-01-06-22-52-17-627","https://finance.yahoo.com/news/amd-seeks-boost-artificial-intelligence-223209071.html",
"2024-01-08 08:59 am;","Morgan Stanley gives its picks to play next wave of AI mania - CNBC
AI enablers won in 2023, but Morgan Stanley is preparing for the adopters of AI to take center stage in 2024.
More Info. 
https://www.cnbc.com/2024/01/05/morgan-stanley-gives-its-picks-to-play-the-next-wave-of-the-ai-mania.html
#web3#Webtribeinc#ai#chatgpt","","","linkedin","WebTribe Inc.","","","","","","2024-01-06-22-52-17-627","https://www.cnbc.com/2024/01/05/morgan-stanley-gives-its-picks-to-play-the-next-wave-of-the-ai-mania.html",
"2024-01-08 10:28 am;","ChatGPT Could Soon Replace Google Assistant On Your Android Phone - Slashdot
Code within the latest version of the ChatGPT Android app suggests that you'll soon be able to set it as the default assistant app, replacing the ...
More Info. 
https://mobile.slashdot.org/story/24/01/06/0040204/chatgpt-could-soon-replace-google-assistant-on-your-android-phone
#web3#Webtribeinc#ai#chatgpt","","","linkedin","WebTribe Inc.","","","","","","2024-01-06-22-52-17-627","https://mobile.slashdot.org/story/24/01/06/0040204/chatgpt-could-soon-replace-google-assistant-on-your-android-phone",
"2024-01-08 11:57 am;","VCs are optimistic that AI investing will move beyond the hype in 2024   TechCrunch
Investors are hoping for more enterprise adoption and vertical AI solutions this year as the AI startup market starts to grow up.
More Info. 
https://techcrunch.com/2024/01/05/ai-investing-2024-predictions/
#web3#Webtribeinc#ai#chatgpt","","","linkedin","WebTribe Inc.","","","","","","2024-01-06-22-52-17-627","https://techcrunch.com/2024/01/05/ai-investing-2024-predictions/",
"2024-01-08 01:26 pm;","When humans vied with ChatGPT - Deccan Herald
Artificial intelligence  AI  became a huge talking point in 2023, thanks to ChatGPT and the host of new digital tools that followed in its wake.
More Info. 
https://www.deccanherald.com/specials/when-humans-vied-with-chatgpt-2837681
#web3#Webtribeinc#ai#chatgpt","","","linkedin","WebTribe Inc.","","","","","","2024-01-06-22-52-17-627","https://www.deccanherald.com/specials/when-humans-vied-with-chatgpt-2837681",
"2024-01-08 02:55 pm;","Hiltzik: A top roboticist douses hype about AI, self-driving cars - Los Angeles Times
Will self-driving cars and artificial intelligence take over the world? A distinguished technology expert says don't hold your breath.
More Info. 
https://www.latimes.com/business/story/2024-01-05/leading-roboticist-douses-hype-ai-self-driving-cars
#web3#Webtribeinc#ai#chatgpt","","","linkedin","WebTribe Inc.","","","","","","2024-01-06-22-52-17-627","https://www.latimes.com/business/story/2024-01-05/leading-roboticist-douses-hype-ai-self-driving-cars",
"2024-01-08 04:24 pm;","Ed Newton-Rex on X:  AI films will only be 'commercially viable' if the models used to make ...
The most ambitious AI film I've made to date. We are less than a year out from commercially viable AI films. Updates to  runwayml  control  and ...
More Info. 
https://twitter.com/ednewtonrex/status/1743347591029670144
#web3#Webtribeinc#ai#chatgpt","","","linkedin","WebTribe Inc.","","","","","","2024-01-06-22-52-17-627","https://twitter.com/ednewtonrex/status/1743347591029670144",
"2024-01-08 05:53 pm;","How to Approach Student AI Use Policies in Higher Education   Husch Blackwell
Recognizing the likely permanence of AI, educational institutions are grappling with the need for clear guidelines for students on the use of AI.
More Info. 
https://www.huschblackwell.com/newsandinsights/how-to-approach-student-ai-use-policies-in-higher-education
#web3#Webtribeinc#ai#chatgpt","","","linkedin","WebTribe Inc.","","","","","","2024-01-06-22-52-17-627","https://www.huschblackwell.com/newsandinsights/how-to-approach-student-ai-use-policies-in-higher-education",
"2024-01-08 07:22 pm;","Eli Lilly, Crispr, Biogen Lead Pharma And Biotech Stocks To Great Expectations In 2024
Biotech Stocks And The Rise Of AI. The biotech industry will also likely to be impacted by a major trend: artificial intelligence. Academic ...
More Info. 
https://www.investors.com/news/technology/biotech-stocks-pharma-heat-up-in-2024-as-buyouts-obesity-ai-drive-excitement/
#web3#Webtribeinc#ai#chatgpt","","","linkedin","WebTribe Inc.","","","","","","2024-01-06-22-52-17-627","https://www.investors.com/news/technology/biotech-stocks-pharma-heat-up-in-2024-as-buyouts-obesity-ai-drive-excitement/",
"2024-01-08 08:51 pm;","Woodbine Community School District implementing AI gun detection system
The artificial intelligence system is designed to use video feeds to detect guns while providing what the company calls a  intelligent situational ...
More Info. 
https://nonpareilonline.com/news/local/education/woodbine-schools-implementing-ai-gun-detection-system/article_fda13900-ab22-11ee-bcd9-43a8f3f2ff6c.html
#web3#Webtribeinc#ai#chatgpt","","","linkedin","WebTribe Inc.","","","","","","2024-01-06-22-52-17-627","https://nonpareilonline.com/news/local/education/woodbine-schools-implementing-ai-gun-detection-system/article_fda13900-ab22-11ee-bcd9-43a8f3f2ff6c.html",
"2024-01-08 10:20 pm;","The fall of Firefox: Mozilla's once-popular web browser slides into irrelevance - ZDNET
... 3 trends to watch as we learn what's next in tech   ZDNET's product of ... Still, the code was there, and the Mozilla Project sprang up to turn it first ...
More Info. 
https://www.zdnet.com/home-and-office/networking/the-fall-of-firefox-mozillas-once-popular-web-browser-slides-into-irrelevance/
#web3#Webtribeinc#ai#chatgpt","","","linkedin","WebTribe Inc.","","","","","","2024-01-06-22-52-17-627","https://www.zdnet.com/home-and-office/networking/the-fall-of-firefox-mozillas-once-popular-web-browser-slides-into-irrelevance/",
"2024-01-08 11:49 pm;","Visa launches Web3 loyalty solution - Electronic Payments International
The Visa Web3 Loyalty Engagement Solution enables brands to gamify rewards and bring immersive, digital-first experiences to consumers.
More Info. 
https://www.electronicpaymentsinternational.com/news/visa-launches-web3-loyalty-solution/
#web3#Webtribeinc#ai#chatgpt","","","linkedin","WebTribe Inc.","","","","","","2024-01-06-22-52-17-627","https://www.electronicpaymentsinternational.com/news/visa-launches-web3-loyalty-solution/",
"2024-01-09 01:18 am;","Hopes ChatGPT will help those representing themselves in court - Newsroom
New Zealand courts have approved guidelines for the use of generative AI tools, such as Chat GPT. These guidelines apply to all courts and ...
More Info. 
https://newsroom.co.nz/2024/01/06/hopes-chatgpt-will-help-those-representing-themselves-in-court/
#web3#Webtribeinc#ai#chatgpt","","","linkedin","WebTribe Inc.","","","","","","2024-01-06-22-52-17-627","https://newsroom.co.nz/2024/01/06/hopes-chatgpt-will-help-those-representing-themselves-in-court/",
"2024-01-09 02:47 am;","We asked ChatGPT what will be SHIB price in 2024  Here's what it said - Finbold
OpenAI's artificial intelligence bot ChatGPT has suggested a wide price range for Shiba Inu  SHIB  in 2024.
More Info. 
https://finbold.com/we-asked-chatgpt-what-will-be-shib-price-in-2024-heres-what-it-said/
#web3#Webtribeinc#ai#chatgpt","","","linkedin","WebTribe Inc.","","","","","","2024-01-06-22-52-17-627","https://finbold.com/we-asked-chatgpt-what-will-be-shib-price-in-2024-heres-what-it-said/",
"2024-01-09 04:16 am;","4 Time-Saving AI Tools for Teachers - Edutopia
These time-saving AI tools are making it easier for teachers to complete tasks like generating lessons and providing differentiated texts.
More Info. 
https://www.edutopia.org/article/4-time-saving-ai-tools-for-teachers
#web3#Webtribeinc#ai#chatgpt","","","linkedin","WebTribe Inc.","","","","","","2024-01-06-22-52-17-627","https://www.edutopia.org/article/4-time-saving-ai-tools-for-teachers",
"2024-01-09 05:45 am;","Microsoft gives AI a place on the Windows keyboard - Axios
Microsoft is so confident AI is the future of computing that it's adding a new button to the keyboards of Windows PCs dedicated to its Copilot AI ...
More Info. 
https://www.axios.com/2024/01/04/microsoft-copilot-ai-button-windows
#web3#Webtribeinc#ai#chatgpt","","","linkedin","WebTribe Inc.","","","","","","2024-01-06-22-52-17-627","https://www.axios.com/2024/01/04/microsoft-copilot-ai-button-windows",
"2024-01-09 07:14 am;","Study: ChatGPT is wrong 52  of the time - YouTube
Researchers say ChatGPT may actually be incorrect more often than not.
More Info. 
https://www.youtube.com/watch?v=Wl_YPBtF3ic
#web3#Webtribeinc#ai#chatgpt","","","linkedin","WebTribe Inc.","","","","","","2024-01-06-22-52-17-627","https://www.youtube.com/watch?v=Wl_YPBtF3ic",
"2024-01-09 08:43 am;","ChatGPT may soon join Google Assistant on Android - Gizmochina
OpenAI is reportedly working on ChatGPT Assistant for Android phones as the latest app code snippet suggests. Learn more.
More Info. 
https://www.gizmochina.com/2024/01/05/chatgpt-may-soon-join-google-assistant-on-android/
#web3#Webtribeinc#ai#chatgpt","","","linkedin","WebTribe Inc.","","","","","","2024-01-06-22-52-17-627","https://www.gizmochina.com/2024/01/05/chatgpt-may-soon-join-google-assistant-on-android/",
"2024-01-09 10:12 am;","ChatGPT may replace Google Assistant on Android phones, here's how - The Times of India
The surge of generative AI in 2023 is driven by chatbots like OpenAI's ChatGPT and Google's Bard. The latest version of ChatGPT's Android app ...
More Info. 
https://timesofindia.indiatimes.com/gadgets-news/chatgpt-may-replace-google-assistant-on-android-phones-heres-how/articleshow/106579449.cms
#web3#Webtribeinc#ai#chatgpt","","","linkedin","WebTribe Inc.","","","","","","2024-01-06-22-52-17-627","https://timesofindia.indiatimes.com/gadgets-news/chatgpt-may-replace-google-assistant-on-android-phones-heres-how/articleshow/106579449.cms",
"2024-01-09 11:41 am;","Privacy and AI policies to watch in 2024 - Digiday
Privacy and AI policies to watch in 2024   State laws. In 2023, new privacy laws went into effect in California, Colorado, Connecticut, Virginia and ...
More Info. 
https://digiday.com/media/privacy-and-ai-policies-to-watch-in-2024/
#web3#Webtribeinc#ai#chatgpt","","","linkedin","WebTribe Inc.","","","","","","2024-01-06-22-52-17-627","https://digiday.com/media/privacy-and-ai-policies-to-watch-in-2024/",
"2024-01-09 01:10 pm;","What Generative AI Reveals About the Human Mind   TIME
Drawing on research spanning psychology, neuroscience, and artificial intelligence, my search has drawn me towards a picture of how natural minds work ...
More Info. 
https://time.com/6552233/generative-ai-reveals-human-mind/
#web3#Webtribeinc#ai#chatgpt","","","linkedin","WebTribe Inc.","","","","","","2024-01-06-22-52-17-627","https://time.com/6552233/generative-ai-reveals-human-mind/",
"2024-01-09 02:39 pm;","ChatGPT Browse With Bing Has A Different Implementation Of Bing Search Access
As many of you know, OpenAI's ChatGPT service has a plugin for Browse With Bing, which basically opens up Bing Search to the popular AI chat ...
More Info. 
https://www.seroundtable.com/chatgpt-browse-with-bing-search-access-36642.html
#web3#Webtribeinc#ai#chatgpt","","","linkedin","WebTribe Inc.","","","","","","2024-01-06-22-52-17-627","https://www.seroundtable.com/chatgpt-browse-with-bing-search-access-36642.html",
"2024-01-09 04:08 pm;","AI's Growth Potential in 2024 - YouTube
David Autor, MIT Professor of Economics, dives into the future of generative AI's productivity consequences and growth.
More Info. 
https://www.youtube.com/watch?v=CQJbayshi-8
#web3#Webtribeinc#ai#chatgpt","","","linkedin","WebTribe Inc.","","","","","","2024-01-06-22-52-17-627","https://www.youtube.com/watch?v=CQJbayshi-8",
"2024-01-09 05:37 pm;","ChatGPT Whispers in Android's Ear: Could it Replace Google Assistant? - PC-Tablet
ChatGPT's Android app hints at potentially replacing Google Assistant as the default AI helper. This article explores the challenges and ...
More Info. 
https://pc-tablet.com/chatgpt-whispers-in-androids-ear-could-it-replace-google-assistant/
#web3#Webtribeinc#ai#chatgpt","","","linkedin","WebTribe Inc.","","","","","","2024-01-06-22-52-17-627","https://pc-tablet.com/chatgpt-whispers-in-androids-ear-could-it-replace-google-assistant/",
"2024-01-09 07:06 pm;","Google tests new AI technology in Seattle to improve traffic flow - YouTube
The Project Green Light technology aims to reduce the amount of time people spend at red lights, as well as reduce carbon emissions.
More Info. 
https://www.youtube.com/watch?v=Qq3bkWzLdUY
#web3#Webtribeinc#ai#chatgpt","","","linkedin","WebTribe Inc.","","","","","","2024-01-06-22-52-17-627","https://www.youtube.com/watch?v=Qq3bkWzLdUY",
"2024-01-09 08:35 pm;","the ChatGPT store is about to launch  let's get rich - YouTube
OpenAI is launching a ChatGPT store next week where developers can sell custom agents. Learn how the how to build your own GPT agents, actions, ...
More Info. 
https://www.youtube.com/watch?v=9T_wv6D8PYo
#web3#Webtribeinc#ai#chatgpt","","","linkedin","WebTribe Inc.","","","","","","2024-01-06-22-52-17-627","https://www.youtube.com/watch?v=9T_wv6D8PYo",
"2024-01-09 10:04 pm;","Statement: 3 months on, time is running out for children in Gaza - occupied Palestinian territory
With the 3 month mark of the horrific escalation of conflict in Gaza and Israel approaching, which has brought unconscionable suffering to ...
More Info. 
https://reliefweb.int/report/occupied-palestinian-territory/statement-3-months-time-running-out-children-gaza
#web3#Webtribeinc#ai#chatgpt","","","linkedin","WebTribe Inc.","","","","","","2024-01-06-22-52-17-627","https://reliefweb.int/report/occupied-palestinian-territory/statement-3-months-time-running-out-children-gaza",
"2024-01-09 11:33 pm;","How will AI disrupt higher education in 2024?
Last year was when generative AI infused higher education. What can we expect in this new year? From student use in assignments  both formally ...
More Info. 
https://www.insidehighered.com/opinion/blogs/online-trending-now/2024/01/05/how-will-ai-disrupt-higher-education-2024
#web3#Webtribeinc#ai#chatgpt","","","linkedin","WebTribe Inc.","","","","","","2024-01-06-22-52-17-627","https://www.insidehighered.com/opinion/blogs/online-trending-now/2024/01/05/how-will-ai-disrupt-higher-education-2024",
"2024-01-10 01:02 am;","Microsoft has the best AI lineup in software and will soon monetize, says Jefferies' Thill
Microsoft has the best AI lineup in software and will soon monetize, says Jefferies' Thill. 4.6K views   7 hours ago ...more ...
More Info. 
https://www.youtube.com/watch?v=onbTVh_hVlk
#web3#Webtribeinc#ai#chatgpt","","","linkedin","WebTribe Inc.","","","","","","2024-01-06-22-52-17-627","https://www.youtube.com/watch?v=onbTVh_hVlk",
"2024-01-10 02:31 am;","ChatGPT pranksters could unnerve curious dealers - Automotive News
The technology in question is ChatGPT, a form of generative artificial intelligence that converses like people do and learns from its mistakes.
More Info. 
https://www.autonews.com/retail-technology/chatgpt-pranksters-could-unnerve-curious-dealers
#web3#Webtribeinc#ai#chatgpt","","","linkedin","WebTribe Inc.","","","","","","2024-01-06-22-52-17-627","https://www.autonews.com/retail-technology/chatgpt-pranksters-could-unnerve-curious-dealers",
"2024-01-10 04:00 am;","I Tried Data Analysis ChatGPT Plugin   Every Analyst's Dream or a Nightmare in Disguise?
Recently, ChatGPT Plus introduced a collection of 'My GPTs' plugins available for use. If you're a subscriber to the 20 USD per month ChatGPT Plus ...
More Info. 
https://towardsdatascience.com/i-tried-data-analysis-chatgpt-plugin-every-analysts-dream-or-a-nightmare-in-disguise-db25548f40e2
#web3#Webtribeinc#ai#chatgpt","","","linkedin","WebTribe Inc.","","","","","","2024-01-06-22-52-17-627","https://towardsdatascience.com/i-tried-data-analysis-chatgpt-plugin-every-analysts-dream-or-a-nightmare-in-disguise-db25548f40e2",
"2024-01-10 05:29 am;","Perplexity AI Search Raises  76 Million, ChatGPT Store To Open - Forbes
ChatGPT Store Opens Next Week After jumping through a few hoops, anyone can now train chatGPT for specialized tasks and sell these AI apps in ...
More Info. 
https://www.forbes.com/sites/charliefink/2024/01/05/perplexity-ai-search-raises-76-million-chatgpt-store-to-open/
#web3#Webtribeinc#ai#chatgpt","","","linkedin","WebTribe Inc.","","","","","","2024-01-06-22-52-17-627","https://www.forbes.com/sites/charliefink/2024/01/05/perplexity-ai-search-raises-76-million-chatgpt-store-to-open/",
"2024-01-10 06:58 am;","Microsoft, OpenAI hit with new lawsuit by authors over AI training   Reuters
... their work to train the artificial-intelligence models behind the popular chatbot ChatGPT and other AI-based services.
More Info. 
https://www.reuters.com/legal/microsoft-openai-hit-with-new-lawsuit-by-authors-over-ai-training-2024-01-05/
#web3#Webtribeinc#ai#chatgpt","","","linkedin","WebTribe Inc.","","","","","","2024-01-06-22-52-17-627","https://www.reuters.com/legal/microsoft-openai-hit-with-new-lawsuit-by-authors-over-ai-training-2024-01-05/",
"2024-01-10 08:27 am;","Exciting Artificial Intelligence  AI  News for Intel Stock Investors - Yahoo Finance
Exciting Artificial Intelligence  AI  News for Intel Stock Investors. Jose Najarro, The Motley Fool. Fri, January 5, 2024 at 5:49 AM PST  1 min read.
More Info. 
https://finance.yahoo.com/news/exciting-artificial-intelligence-ai-news-134902702.html
#web3#Webtribeinc#ai#chatgpt","","","linkedin","WebTribe Inc.","","","","","","2024-01-06-22-52-17-627","https://finance.yahoo.com/news/exciting-artificial-intelligence-ai-news-134902702.html",
"2024-01-10 09:56 am;","The Smartest Artificial Intelligence  AI  Stock to Buy With  500 Right Now - Yahoo Finance
Artificial intelligence  AI  took some massive steps forward in 2023. Following the release of OpenAI's ChatGPT in late 2022, practically every ...
More Info. 
https://finance.yahoo.com/news/smartest-artificial-intelligence-ai-stock-100500045.html
#web3#Webtribeinc#ai#chatgpt","","","linkedin","WebTribe Inc.","","","","","","2024-01-06-22-52-17-627","https://finance.yahoo.com/news/smartest-artificial-intelligence-ai-stock-100500045.html",
"2024-01-10 11:25 am;","Disney And Apple Shareholders Will Vote On AI Proposals, SEC Says - Deadline
Shareholders of Disney and Apple will be get to vote on proposals regarding artificial intelligence, the Securities and Exchange Commission says.
More Info. 
https://deadline.com/2024/01/disney-apple-shareholders-artificial-intelligence-proposals-sec-1235695852/
#web3#Webtribeinc#ai#chatgpt","","","linkedin","WebTribe Inc.","","","","","","2024-01-06-22-52-17-627","https://deadline.com/2024/01/disney-apple-shareholders-artificial-intelligence-proposals-sec-1235695852/",
"2024-01-10 12:54 pm;","NIST warns of 'snake oil' security claims by AI makers - Theregister
Predictive and generative AI systems remain vulnerable to a variety of attacks and anyone who says otherwise isn't being entirely honest, ...
More Info. 
https://www.theregister.com/2024/01/05/nist_ai_security/
#web3#Webtribeinc#ai#chatgpt","","","linkedin","WebTribe Inc.","","","","","","2024-01-06-22-52-17-627","https://www.theregister.com/2024/01/05/nist_ai_security/",
"2024-01-10 02:23 pm;","Web3 Ventures enables crypto investors to ride along with the pros
In terms of exposure, Web3 Ventures has a mandate to focus on decentralized finance, healthcare, telecommunications, tokenization, venture capital, ...
More Info. 
https://www.proactiveinvestors.com/companies/news/1037661/web3-ventures-enables-crypto-investors-to-ride-along-with-the-pros-1037661.html
#web3#Webtribeinc#ai#chatgpt","","","linkedin","WebTribe Inc.","","","","","","2024-01-06-22-52-17-627","https://www.proactiveinvestors.com/companies/news/1037661/web3-ventures-enables-crypto-investors-to-ride-along-with-the-pros-1037661.html",
"2024-01-10 03:52 pm;","Forget Microsoft, Here's a Better Artificial Intelligence  AI  Stock to Buy - Yahoo Finance
The software giants outperformed a rallying Nasdaq Composite index last year, mainly thanks to soaring optimism about artificial intelligence  AI  and ...
More Info. 
https://finance.yahoo.com/news/forget-microsoft-heres-better-artificial-220000661.html
#web3#Webtribeinc#ai#chatgpt","","","linkedin","WebTribe Inc.","","","","","","2024-01-06-22-52-17-627","https://finance.yahoo.com/news/forget-microsoft-heres-better-artificial-220000661.html",
"2024-01-10 05:21 pm;","AI News: OpenAI to Launch Custom ChatGPT Store - CoinGape
OpenAI ChatGPT Store is set to go live as the artificial intelligence giant seek to empower developers to showcase more creativity.
More Info. 
https://coingape.com/ai-news-openai-chatgpt-store-is-set-to-go-live-next-week/
#web3#Webtribeinc#ai#chatgpt","","","linkedin","WebTribe Inc.","","","","","","2024-01-06-22-52-17-627","https://coingape.com/ai-news-openai-chatgpt-store-is-set-to-go-live-next-week/",
"2024-01-10 06:50 pm;","ChatGPT: The New Android Assistant App On The Horizon? - Microsoft  NASDAQ:MSFT  - Benzinga
Android Authority detected a new activity in the most recent version of the ChatGPT app that activates an overlay, hinting at voice input support.
More Info. 
https://www.benzinga.com/news/24/01/36507669/chatgpt-the-new-android-assistant-app-on-the-horizon
#web3#Webtribeinc#ai#chatgpt","","","linkedin","WebTribe Inc.","","","","","","2024-01-06-22-52-17-627","https://www.benzinga.com/news/24/01/36507669/chatgpt-the-new-android-assistant-app-on-the-horizon",
"2024-01-10 08:19 pm;","The best Meta Quest 3 apps to try out today   Digital Trends
From browsing the internet, watching movies  2D and 3D , virtual travel, and immersing yourself in 3D worlds to working on spreadsheets, writing ...
More Info. 
https://www.digitaltrends.com/computing/best-meta-quest-3-apps/
#web3#Webtribeinc#ai#chatgpt","","","linkedin","WebTribe Inc.","","","","","","2024-01-06-22-52-17-627","https://www.digitaltrends.com/computing/best-meta-quest-3-apps/",
"2024-01-10 09:48 pm;","ChatGPT Says It's Reached the Limit of How Silly It Can Make the Goose - Futurism
For every 10 likes this gets, I will ask ChatGPT to make this goose a little sillier,  robotics company CEO Garrett Scott McCurrach tweeted.
More Info. 
https://futurism.com/the-byte/chatgpt-limit-silly-goose
#web3#Webtribeinc#ai#chatgpt","","","linkedin","WebTribe Inc.","","","","","","2024-01-06-22-52-17-627","https://futurism.com/the-byte/chatgpt-limit-silly-goose",
"2024-01-10 11:17 pm;","Is 2024 the year Web3 gets its 'ChatGPT moment'? - Yahoo Finance
But as important as regulatory clarity is to web3, it pales in importance with the need for a  ChatGPT moment  for blockchain-based technologies. AI ...
More Info. 
https://finance.yahoo.com/news/2024-web3-gets-chatgpt-moment-143355007.html
#web3#Webtribeinc#ai#chatgpt","","","linkedin","WebTribe Inc.","","","","","","2024-01-06-22-52-17-627","https://finance.yahoo.com/news/2024-web3-gets-chatgpt-moment-143355007.html",
"2024-01-11 12:46 am;","Cyber-Attacks Drain  1.84bn from Web3 in 2023 - Infosecurity Magazine
A Certik report found there was  1.84bn in losses across 751 cybersecurity incidents targeting Web3 in 2023.
More Info. 
https://www.infosecurity-magazine.com/news/cyber-attacks-drain-web3/
#web3#Webtribeinc#ai#chatgpt","","","linkedin","WebTribe Inc.","","","","","","2024-01-06-22-52-17-627","https://www.infosecurity-magazine.com/news/cyber-attacks-drain-web3/",
"2024-01-11 02:15 am;","Google Reportedly Planning Paid-for  Bard Advanced  to Rival ChatGPT Plus   CCN.com
Bard Advanced is expected to offer premium features that are unavailable with the free version of Bard, competing with ChatGPT Plus.
More Info. 
https://www.ccn.com/news/google-bard-advanced-chatgpt-plus-rival/
#web3#Webtribeinc#ai#chatgpt","","","linkedin","WebTribe Inc.","","","","","","2024-01-06-22-52-17-627","https://www.ccn.com/news/google-bard-advanced-chatgpt-plus-rival/",
"2024-01-11 03:44 am;","Google May Soon Take on ChatGPT Plus With Paid Chatbot Subscription - PYMNTS.com
Google may soon be unveiling a paid chatbot subscription of its own, following the runaway success of OpenAI's ChatGPT Plus subscription.
More Info. 
https://www.pymnts.com/artificial-intelligence-2/2024/google-may-soon-take-on-chatgpt-plus-with-paid-chatbot-subscription/
#web3#Webtribeinc#ai#chatgpt","","","linkedin","WebTribe Inc.","","","","","","2024-01-06-22-52-17-627","https://www.pymnts.com/artificial-intelligence-2/2024/google-may-soon-take-on-chatgpt-plus-with-paid-chatbot-subscription/",
"2024-01-11 05:13 am;","AI gadgets will be hot in 2024. You don't need one. - The Washington Post
There's an artificial intelligence clothes pin that costs  700, plus a subscription. But there's a shred of promise in the madness.
More Info. 
https://www.washingtonpost.com/technology/2024/01/05/new-tech-gadgets-ai-products/
#web3#Webtribeinc#ai#chatgpt","","","linkedin","WebTribe Inc.","","","","","","2024-01-06-22-52-17-627","https://www.washingtonpost.com/technology/2024/01/05/new-tech-gadgets-ai-products/",
"2024-01-11 06:42 am;","ChatGPT Could Soon be Set as Your Phone's Default Assistant - Droid Life
That means no,  Hey ChatGPT  to launch the interface. Instead, you'll only be able to access the digital assistant via gestures or long pressing your ...
More Info. 
https://www.droid-life.com/2024/01/05/chatgpt-could-soon-be-set-as-your-phones-default-assistant/
#web3#Webtribeinc#ai#chatgpt","","","linkedin","WebTribe Inc.","","","","","","2024-01-06-22-52-17-627","https://www.droid-life.com/2024/01/05/chatgpt-could-soon-be-set-as-your-phones-default-assistant/",
"2024-01-11 08:11 am;","AI-powered food safety startup raises  8 million   MEAT POULTRY
The company's technology uses artificial intelligence and is still in the early stages of development, but founder and chief executive officer Amine ...
More Info. 
https://www.meatpoultry.com/articles/29563-ai-powered-food-safety-startup-raises-8-million
#web3#Webtribeinc#ai#chatgpt","","","linkedin","WebTribe Inc.","","","","","","2024-01-06-22-52-17-627","https://www.meatpoultry.com/articles/29563-ai-powered-food-safety-startup-raises-8-million",
"2024-01-11 09:40 am;","How You Can Start Making Money Selling GPTs on OpenAI  39 s New Store - Tech.co
The AI marketplace, which will be the first of its kind, will allow ChatGPT Plus and Enterprise customers to build, publish, and profit from their own ...
More Info. 
https://tech.co/news/how-make-money-openai-store
#web3#Webtribeinc#ai#chatgpt","","","linkedin","WebTribe Inc.","","","","","","2024-01-06-22-52-17-627","https://tech.co/news/how-make-money-openai-store",
"2024-01-11 11:09 am;","Briefing: Google Preps an Advanced Version of Its ChatGPT Rival - The Information
In its mission to catch up with OpenAI, Google seems to be building a more advanced, paid version of Bard, its ChatGPT rival, according to ...
More Info. 
https://www.theinformation.com/briefings/google-preps-an-advanced-version-of-its-chatgpt-rival
#web3#Webtribeinc#ai#chatgpt","","","linkedin","WebTribe Inc.","","","","","","2024-01-06-22-52-17-627","https://www.theinformation.com/briefings/google-preps-an-advanced-version-of-its-chatgpt-rival",
"2024-01-11 12:38 pm;","Urgent need for terrorism artificial intelligence laws in UK, warns think tank   BBC News
The UK should  urgently consider  new laws to stop AI recruiting terrorists, a counter-extremism think tank says. The Institute for Strategic ...
More Info. 
https://www.youtube.com/watch?v=RSRjb4QSrkE
#web3#Webtribeinc#ai#chatgpt","","","linkedin","WebTribe Inc.","","","","","","2024-01-06-22-52-17-627","https://www.youtube.com/watch?v=RSRjb4QSrkE",
"2024-01-11 02:07 pm;","Perplexity AI aims to rival Google - YouTube
CNBC's Deirdre Bosa joins 'Power Lunch' to discuss Perplexity AI's threat to Google search.
More Info. 
https://www.youtube.com/watch?v=2nkKr7lePp0
#web3#Webtribeinc#ai#chatgpt","","","linkedin","WebTribe Inc.","","","","","","2024-01-06-22-52-17-627","https://www.youtube.com/watch?v=2nkKr7lePp0",
"2024-01-11 03:36 pm;","Where Humans Fit Into an AI Sales World   Inc.com
AI-driven tools are improving outreach 10x while rebranding as innovation. It's not considered  spam,  it's  personalized by AI.  Consulting firm ...
More Info. 
https://www.inc.com/max-greenwald/where-humans-fit-into-an-ai-sales-world.html
#web3#Webtribeinc#ai#chatgpt","","","linkedin","WebTribe Inc.","","","","","","2024-01-06-22-52-17-627","https://www.inc.com/max-greenwald/where-humans-fit-into-an-ai-sales-world.html",
"2024-01-11 05:05 pm;","Charles River Regional Chamber webinar:  Demystifying AI   ChatGPT  - The Swellesley Report
Attend this webinar for a high-level overview of ChatGPT and AI led by Pouya Andalib, Co-Founder and Principal Architect.
More Info. 
https://theswellesleyreport.com/event/charles-river-regional-chamber-webinar-demystifying-ai-chatgpt/
#web3#Webtribeinc#ai#chatgpt","","","linkedin","WebTribe Inc.","","","","","","2024-01-06-22-52-17-627","https://theswellesleyreport.com/event/charles-river-regional-chamber-webinar-demystifying-ai-chatgpt/",
"2024-01-11 06:34 pm;","Disney Shareholders to Vote On AI Transparency Report Proposal Amid Unions' Push
Disney and Apple shareholders will vote on AI transparency report from AFL-CIO thanks to SEC decision.
More Info. 
https://www.hollywoodreporter.com/business/business-news/disney-apple-ai-transparency-reports-vote-1235780124/
#web3#Webtribeinc#ai#chatgpt","","","linkedin","WebTribe Inc.","","","","","","2024-01-06-22-52-17-627","https://www.hollywoodreporter.com/business/business-news/disney-apple-ai-transparency-reports-vote-1235780124/",
"2024-01-11 08:03 pm;","Meet the TikTok Girlies Helping ChatGPT Become Even Smarter - The Daily Beast
Take for example Google's Bard, Anthropic's Claude, Microsoft's Copilot, and, of course, OpenAI's ChatGPT. These chatbots are based on incredibly ...
More Info. 
https://www.thedailybeast.com/meet-the-tiktok-girlies-helping-chatgpt-become-even-smarter
#web3#Webtribeinc#ai#chatgpt","","","linkedin","WebTribe Inc.","","","","","","2024-01-06-22-52-17-627","https://www.thedailybeast.com/meet-the-tiktok-girlies-helping-chatgpt-become-even-smarter",
"2024-01-11 09:32 pm;","5 Predictions About How AI Will  and Won't  Affect the 2024 U.S. Election - The Information
Want to feel old? It was more than five years ago that director Jordan Peele teamed up with BuzzFeed to create a viral deepfake video of Barack nbsp ...
More Info. 
https://www.theinformation.com/articles/5-predictions-about-how-ai-will-and-wont-affect-the-2024-u-s-election
#web3#Webtribeinc#ai#chatgpt","","","linkedin","WebTribe Inc.","","","","","","2024-01-06-22-52-17-627","https://www.theinformation.com/articles/5-predictions-about-how-ai-will-and-wont-affect-the-2024-u-s-election",
"2024-01-11 11:01 pm;","AI search engine startup Perplexity raises  73.6M in funding - The Register
AI search engine startup Perplexity has raised  73.6 million in a series-B funding round led by Nvidia, Jeff Bezos, and other investors.
More Info. 
https://www.theregister.com/2024/01/05/perprexity_ai_search_engine/
#web3#Webtribeinc#ai#chatgpt","","","linkedin","WebTribe Inc.","","","","","","2024-01-06-22-52-17-627","https://www.theregister.com/2024/01/05/perprexity_ai_search_engine/",
"2024-01-12 12:30 am;","The 3 Hottest Internet of Things  IoT  Stocks to Watch in 2024   InvestorPlace
Internet connectivity is rising each day as the number of smartphones and other devices increases. We've seen cars, smartwatches, computers and ...
More Info. 
https://investorplace.com/2024/01/the-3-hottest-internet-of-things-iot-stocks-to-watch-in-2024/
#web3#Webtribeinc#ai#chatgpt","","","linkedin","WebTribe Inc.","","","","","","2024-01-06-22-52-17-627","https://investorplace.com/2024/01/the-3-hottest-internet-of-things-iot-stocks-to-watch-in-2024/",
"2024-01-12 01:59 am;","Hey Siri, Does ChatGPT Have Code to Replace You in Its New Update? - Gizmodo
Move over Siri and Google Assistant. The code in ChatGPT's latest update indicates it could be your next digital assistant.
More Info. 
https://gizmodo.com/hey-siri-does-chatgpt-have-code-to-replace-you-in-its-1851143936
#web3#Webtribeinc#ai#chatgpt","","","linkedin","WebTribe Inc.","","","","","","2024-01-06-22-52-17-627","https://gizmodo.com/hey-siri-does-chatgpt-have-code-to-replace-you-in-its-1851143936",
"2024-01-12 03:28 am;","Man convicted of using dark web to traffic child pornography - FOX Carolina
4, 2024 at 7:16 PM PST  nbsp ...
More Info. 
https://www.foxcarolina.com/2024/01/05/man-convicted-using-dark-web-traffic-child-pornography-abuse-minors/
#web3#Webtribeinc#ai#chatgpt","","","linkedin","WebTribe Inc.","","","","","","2024-01-06-22-52-17-627","https://www.foxcarolina.com/2024/01/05/man-convicted-using-dark-web-traffic-child-pornography-abuse-minors/",
"2024-01-12 04:57 am;","As AI Rises, Is Web3 Dead in the Water?   Inc.com
In the heady days of 2021, investors, technologists and founders embarked on a mission to unleash Web3--a conceptual iteration of the internet and ...
More Info. 
https://www.inc.com/sam-blum/as-ai-rises-is-web3-dead-in-the-water.html
#web3#Webtribeinc#ai#chatgpt","","","linkedin","WebTribe Inc.","","","","","","2024-01-06-22-52-17-627","https://www.inc.com/sam-blum/as-ai-rises-is-web3-dead-in-the-water.html",
"2024-01-12 06:26 am;","Chat GPT Store Opens January 2024   New From OpenAI   by Abe Bellini - Medium
OpenAI is gearing up to introduce an app store tailored for personalized versions of ChatGPT, mirroring the structure of platforms like Google ...
More Info. 
https://medium.com/@abebellini/chat-gpt-store-opens-january-2024-new-from-openai-4f4a0c1fc03c
#web3#Webtribeinc#ai#chatgpt","","","linkedin","WebTribe Inc.","","","","","","2024-01-06-22-52-17-627","https://medium.com/@abebellini/chat-gpt-store-opens-january-2024-new-from-openai-4f4a0c1fc03c",
"2024-01-12 07:55 am;","Visa Elevates Customer Experience with Web3 Loyalty Program - NFT Plazas
Explore the innovative Web3 loyalty program by Visa, offering gamified rewards and AR treasure hunts to enhance user engagement.
More Info. 
https://nftplazas.com/visa-web3-loyalty-program/
#web3#Webtribeinc#ai#chatgpt","","","linkedin","WebTribe Inc.","","","","","","2024-01-06-22-52-17-627","https://nftplazas.com/visa-web3-loyalty-program/",
"2024-01-12 09:24 am;","Pro Photographers Watch Out  AI Is Coming for You. Or Is It? - Fstoppers
One of the most commonly asked questions I get is about AI and my opinion on it. Being an artist puts you at risk of AI taking your job, ...
More Info. 
https://fstoppers.com/opinion/pro-photographers-watch-out-ai-coming-or-it-653714
#web3#Webtribeinc#ai#chatgpt","","","linkedin","WebTribe Inc.","","","","","","2024-01-06-22-52-17-627","https://fstoppers.com/opinion/pro-photographers-watch-out-ai-coming-or-it-653714",
"2024-01-12 10:53 am;","Nabla raises another  24 million for its AI assistant for doctors that automatically writes clinical notes
Paris-based startup Nabla just announced that it has raised a  24 million Series B funding round for its AI copilot for doctors.
More Info. 
https://techcrunch.com/2024/01/05/nabla-raises-another-24-million-for-its-ai-assistant-for-doctors/
#web3#Webtribeinc#ai#chatgpt","","","linkedin","WebTribe Inc.","","","","","","2024-01-06-22-52-17-627","https://techcrunch.com/2024/01/05/nabla-raises-another-24-million-for-its-ai-assistant-for-doctors/",
"2024-01-12 12:22 pm;","Now Anyone Can Build an Uncensored ChatGPT - AI Business
FreedomGPT, a ChatGPT-like chatbot built without filters, just released its API.
More Info. 
https://aibusiness.com/nlp/now-anyone-can-build-an-uncensored-chatgpt
#web3#Webtribeinc#ai#chatgpt","","","linkedin","WebTribe Inc.","","","","","","2024-01-06-22-52-17-627","https://aibusiness.com/nlp/now-anyone-can-build-an-uncensored-chatgpt",
"2024-01-12 01:51 pm;","Innovative AI Crypto Projects to Watch in 2024 - AutoGPT Official
Innovative AI crypto projects to keep an eye on in 2024. Explore their potential and opportunities for growth in the cryptocurrency market.
More Info. 
https://autogpt.net/innovative-ai-crypto-projects-to-watch-in-2024/
#web3#Webtribeinc#ai#chatgpt","","","linkedin","WebTribe Inc.","","","","","","2024-01-06-22-52-17-627","https://autogpt.net/innovative-ai-crypto-projects-to-watch-in-2024/",
"2024-01-12 03:20 pm;","Google taught an AI model how to use other AI models, and it got 40  better at coding
Artificial intelligence researchers at Google have developed a method by which a large language model can be augmented with other language models.
More Info. 
https://cointelegraph.com/news/google-taught-artificial-intelligence-ai-model-40-better-at-coding
#web3#Webtribeinc#ai#chatgpt","","","linkedin","WebTribe Inc.","","","","","","2024-01-06-22-52-17-627","https://cointelegraph.com/news/google-taught-artificial-intelligence-ai-model-40-better-at-coding",
"2024-01-12 04:49 pm;","The 6 Best Alternatives to ChatGPT for Your Phone - How-To Geek
The ChatGPT mobile app is arguably one of the most popular AI chatbots on the market. But there are a bunch of alternatives you can try that offer ...
More Info. 
https://www.howtogeek.com/the-best-alternatives-to-chatgpt-for-your-phone/
#web3#Webtribeinc#ai#chatgpt","","","linkedin","WebTribe Inc.","","","","","","2024-01-06-22-52-17-627","https://www.howtogeek.com/the-best-alternatives-to-chatgpt-for-your-phone/",
"2024-01-12 06:18 pm;","AI Art Generator Allegedly Scraped Magic: The Gathering Cards For Material - Kotaku
Midjourney is currently the subject in a lawsuit regarding the fair compensation of artists in the AI era.
More Info. 
https://kotaku.com/magic-the-gathering-midjourney-ai-art-lawsuit-1851143250
#web3#Webtribeinc#ai#chatgpt","","","linkedin","WebTribe Inc.","","","","","","2024-01-06-22-52-17-627","https://kotaku.com/magic-the-gathering-midjourney-ai-art-lawsuit-1851143250",
"2024-01-12 07:47 pm;","Palantir's AI hype 'is ahead of the reality': Analyst - Yahoo Finance
... AI adoption will grow,  AI is a driver, but it's gonna be a slower revenue materialization  than the market expects for Palantir currently. Thill ...
More Info. 
https://finance.yahoo.com/video/palantirs-ai-hype-ahead-reality-183025155.html
#web3#Webtribeinc#ai#chatgpt","","","linkedin","WebTribe Inc.","","","","","","2024-01-06-22-52-17-627","https://finance.yahoo.com/video/palantirs-ai-hype-ahead-reality-183025155.html",
"2024-01-12 09:16 pm;","3 Internet Stocks to Watch From a Challenging Industry   Nasdaq
The Zacks Internet   Content industry has been suffering from the reversal of the pandemic-led trends, along with challenging macroeconomic ...
More Info. 
https://www.nasdaq.com/articles/3-internet-stocks-to-watch-from-a-challenging-industry
#web3#Webtribeinc#ai#chatgpt","","","linkedin","WebTribe Inc.","","","","","","2024-01-06-22-52-17-627","https://www.nasdaq.com/articles/3-internet-stocks-to-watch-from-a-challenging-industry",
"2024-01-12 10:45 pm;","Bybit Web3 Deepens Ecosystem Integration with Mantle, Unveils Gas Fee Subsidies and ...
This collaboration is marked by the seamless integration of Mantle's mETH Liquid Staking solution onto Bybit Web3 Staking, further simplifying the ...
More Info. 
https://finance.yahoo.com/news/bybit-web3-deepens-ecosystem-integration-152900589.html
#web3#Webtribeinc#ai#chatgpt","","","linkedin","WebTribe Inc.","","","","","","2024-01-06-22-52-17-627","https://finance.yahoo.com/news/bybit-web3-deepens-ecosystem-integration-152900589.html",
"2024-01-13 12:14 am;","Android users could soon replace Google Assistant with ChatGPT - Ars Technica
The Android ChatGPT app is working on support for Android's assistant APIs.
More Info. 
https://arstechnica.com/gadgets/2024/01/android-users-could-soon-replace-google-assistant-with-chatgpt/
#web3#Webtribeinc#ai#chatgpt","","","linkedin","WebTribe Inc.","","","","","","2024-01-06-22-52-17-627","https://arstechnica.com/gadgets/2024/01/android-users-could-soon-replace-google-assistant-with-chatgpt/",
"2024-01-13 01:43 am;","An AI Phone App? Microsoft's Copilot Hits iOS, Android - ETF Trends
With a new year brings a new chapter in the exciting growth of artificial intelligence. AI had a major breakout year in 2023 as OpenAI's ChatGPT ...
More Info. 
https://www.etftrends.com/artificial-intelligence-channel/ai-phone-app-microsofts-co-pilot-hits-ios-android/
#web3#Webtribeinc#ai#chatgpt","","","linkedin","WebTribe Inc.","","","","","","2024-01-06-22-52-17-627","https://www.etftrends.com/artificial-intelligence-channel/ai-phone-app-microsofts-co-pilot-hits-ios-android/",
"2024-01-13 03:12 am;","The AI hardware era is upon us, like it or not - Fast Company
Here's everything we know about the rush to stuff generative AI into gadgets.
More Info. 
https://www.fastcompany.com/91003182/ai-hardware-era-is-upon-us
#web3#Webtribeinc#ai#chatgpt","","","linkedin","WebTribe Inc.","","","","","","2024-01-06-22-52-17-627","https://www.fastcompany.com/91003182/ai-hardware-era-is-upon-us",
