"2023-07-15 12:38 PM;","A successful lawsuit is the one worn by a policeman.
A successful lawsuit is the one worn by a policeman.
Robert Frost
More Info. 
https://akash.mittal.blog/mawtivated//2023/7/12/images/A-successful-lawsuit-is-the-one-worn-by-a-policeman..jpeg
#legal#Robert#RobertFrost#Frost","","","linkedin","mawtivated","","","","","","2023-07-12-00-38-06-946","https://akash.mittal.blog/mawtivated//2023/7/12/images/A-successful-lawsuit-is-the-one-worn-by-a-policeman..jpeg",
"2023-07-19 12:38 AM;","We believe in a flexible union of free member states who share treaties and institutions and pursue
We believe in a flexible union of free member states who share treaties and institutions and pursue together the ideal of co-operation, to represent and promote the values of European civilisation in the world, advance our shared interests by using our collective power to open markets, and to build a strong economic base across the whole of Europe.
David Cameron
More Info. 
https://akash.mittal.blog/mawtivated//2023/7/12/images/We-believe-in-a-flexible-union-of-free-member-states-who-share-treaties-and-institutions-and-pursue.jpeg
#power#David#DavidCameron#Cameron","","","linkedin","mawtivated","","","","","","2023-07-12-00-38-06-946","https://akash.mittal.blog/mawtivated//2023/7/12/images/We-believe-in-a-flexible-union-of-free-member-states-who-share-treaties-and-institutions-and-pursue.jpeg",
