"2023-07-20 04:56 AM;","Cybersecurity labeling for smart devices aims to help people choose those less vulnerable to hacking
Officials likened the new U.S. Cyber Trust Mark initiative   to be ... The director of technology policy at Consumer Reports, Justin Brookman, ...
More Info. 
https://www.washingtonpost.com/business/2023/07/18/cybersecurity-smart-devices-fcc-cyber-trust-mark/c7825734-254c-11ee-9201-826e5bb78fa1_story.html
#bugbounty#bountycounty","","","linkedin","Bounty County","","","","","","2023-07-19-00-56-21-323","https://www.washingtonpost.com/business/2023/07/18/cybersecurity-smart-devices-fcc-cyber-trust-mark/c7825734-254c-11ee-9201-826e5bb78fa1_story.html",
"2023-07-21 08:56 AM;","BD Warns of Vulnerabilities in its Alaris Guardrails Suite MX Infusion Pumps - HIPAA Journal
... the FDA, and Information Sharing and Analysis Organizations  ISAOs  under its responsible disclosure policy. BD performed risk assessments and ...
More Info. 
https://www.hipaajournal.com/bd-warns-of-vulnerabilities-in-its-bd-alaris-guardrails-suite-mx-infusion-pumps/
#bugbounty#bountycounty","","","linkedin","Bounty County","","","","","","2023-07-19-00-56-21-323","https://www.hipaajournal.com/bd-warns-of-vulnerabilities-in-its-bd-alaris-guardrails-suite-mx-infusion-pumps/",
"2023-07-22 12:56 PM;","Australia takes third spot in Global Pension Transparency index - Investment Magazine
However, it fell to 8th overall on disclosure of responsible investments, trumped by European funds especially.No local funds were represented ...
More Info. 
https://www.investmentmagazine.com.au/2023/07/australia-takes-third-spot-in-global-pension-transparency-index/
#bugbounty#bountycounty","","","linkedin","Bounty County","","","","","","2023-07-19-00-56-21-323","https://www.investmentmagazine.com.au/2023/07/australia-takes-third-spot-in-global-pension-transparency-index/",
"2023-07-23 04:56 PM;","Crowdsourced Security Market is set to Fly High Growth in Years to Come - Digital Journal
Bug bounties, vulnerability disclosure programs, and responsible disclosure programs are part of Crowdsourced Security. The increasing growth of ...
More Info. 
https://www.digitaljournal.com/pr/news/alliance-daily-newspaper/crowdsourced-security-market-is-set-to-fly-high-growth-in-years-to-come-applause-us-bugcrowd-inc-us-
#bugbounty#bountycounty","","","linkedin","Bounty County","","","","","","2023-07-19-00-56-21-323","https://www.digitaljournal.com/pr/news/alliance-daily-newspaper/crowdsourced-security-market-is-set-to-fly-high-growth-in-years-to-come-applause-us-bugcrowd-inc-us-",
"2023-07-24 08:56 PM;","Privacy Act allows disclosure of inmate transfers in some cases, contradicting Mendicino's claims
The Correctional Service of Canada, responsible for Bernardo's transfer, is currently reviewing its decision. However, it remains unclear whether ...
More Info. 
https://www.globalvillagespace.com/canada/privacy-act-allows-disclosure-of-inmate-transfers-in-some-cases-contradicting-mendicinos-claims-gvs-news/
#bugbounty#bountycounty","","","linkedin","Bounty County","","","","","","2023-07-19-00-56-21-323","https://www.globalvillagespace.com/canada/privacy-act-allows-disclosure-of-inmate-transfers-in-some-cases-contradicting-mendicinos-claims-gvs-news/",
"2023-07-26 12:56 AM;","Your Definitive Guide to Web3 Bug Bounty: Protecting Applications and Building Trust
Web3 bug bounties are programs that incentivize security researchers to uncover and report vulnerabilities in Web3 applications and platforms.
More Info. 
https://thegww.com/your-definitive-guide-to-web3-bug-bounty-protecting-applications-and-building-trust/
#bugbounty#bountycounty","","","linkedin","Bounty County","","","","","","2023-07-19-00-56-21-323","https://thegww.com/your-definitive-guide-to-web3-bug-bounty-protecting-applications-and-building-trust/",
