"2023-08-10 12:24 pm;","Music labels in talks with Google over enabling AI-generated songs - report
Concerns around AI are a hot topic across creative industries, with fears it could be used to replace actors and writers a huge driver of strike ...
More Info. 
https://news.sky.com/story/music-labels-in-talks-with-google-over-enabling-ai-generated-songs-report-12936766
#web3#Webtribeinc#ai#chatgpt","","","Facebook","WebTribe Inc.","","","","","","2023-08-10-11-32-39-935","https://news.sky.com/story/music-labels-in-talks-with-google-over-enabling-ai-generated-songs-report-12936766",
"2023-08-10 01:16 pm;","ChatGPT for HR: Build HR Policy Framework and Strategy Webinar Recorded
You will also learn about the different use cases of Chat GPT in HR, including recruitment, employee onboarding, employee assistance, training and ...
More Info. 
https://www.businesswire.com/news/home/20230809727505/en/ChatGPT-for-HR-Build-HR-Policy-Framework-and-Strategy-Webinar-Recorded---ResearchAndMarkets.com
#web3#Webtribeinc#ai#chatgpt","","","Facebook","WebTribe Inc.","","","","","","2023-08-10-11-32-39-935","https://www.businesswire.com/news/home/20230809727505/en/ChatGPT-for-HR-Build-HR-Policy-Framework-and-Strategy-Webinar-Recorded---ResearchAndMarkets.com",
"2023-08-10 02:08 pm;","Treasure Global's ZCITY App Now Features an AI Personalization Engine with ChatGPT Integration
Jojo, the Next-Gen AI-powered personalization engine, enhances the ZCITY app experience. It leverages ChatGPT to intelligently customize the user ...
More Info. 
https://finance.yahoo.com/news/treasure-global-zcity-app-now-120000293.html
#web3#Webtribeinc#ai#chatgpt","","","Facebook","WebTribe Inc.","","","","","","2023-08-10-11-32-39-935","https://finance.yahoo.com/news/treasure-global-zcity-app-now-120000293.html",
"2023-08-10 03:00 pm;","Disney creates an AI task force to explore the tech and cut costs: Report - Cointelegraph
One of the sources close to the matter told Reuters that Disney must come to understand AI and how to work with it, or risk becoming obsolete.
More Info. 
https://cointelegraph.com/news/disney-creates-ai-taskforce-to-explore-tech-cut-costs
#web3#Webtribeinc#ai#chatgpt","","","Facebook","WebTribe Inc.","","","","","","2023-08-10-11-32-39-935","https://cointelegraph.com/news/disney-creates-ai-taskforce-to-explore-tech-cut-costs",
"2023-08-10 03:52 pm;","China's AI players from Alibaba to state-run institute rush to open source their models in ...
Open-sourcing offers a way for Big Tech firms and start-ups alike to extend their reach and stand out from the competition, according to experts.
More Info. 
https://www.scmp.com/tech/tech-trends/article/3230410/chinas-ai-players-alibaba-state-run-institute-rush-open-source-their-models-race-global-influence
#web3#Webtribeinc#ai#chatgpt","","","Facebook","WebTribe Inc.","","","","","","2023-08-10-11-32-39-935","https://www.scmp.com/tech/tech-trends/article/3230410/chinas-ai-players-alibaba-state-run-institute-rush-open-source-their-models-race-global-influence",
"2023-08-10 04:44 pm;","AI James Hetfield Sounds MENACING Singing Slayer's 'Raining Blood' - Loudwire
What would it sounds like if Metallica's James Hetfield sang Slayer's crushing hit  Raining Blood?  AI  artificial intelligence  once again holds ...
More Info. 
https://loudwire.com/ai-james-hetfield-sounds-menacing-singing-slayers-raining-blood/
#web3#Webtribeinc#ai#chatgpt","","","Facebook","WebTribe Inc.","","","","","","2023-08-10-11-32-39-935","https://loudwire.com/ai-james-hetfield-sounds-menacing-singing-slayers-raining-blood/",
"2023-08-10 05:36 pm;","Generative AI 'not reliable yet,' says Mayo Clinic's John Halamka   Healthcare IT News
Artificial intelligence is all anyone can talk about these days.   Nearly one-third of patients already   Still, as with any breakthrough technology, ...
More Info. 
https://www.healthcareitnews.com/news/generative-ai-not-reliable-yet-says-mayo-clinics-john-halamka
#web3#Webtribeinc#ai#chatgpt","","","Facebook","WebTribe Inc.","","","","","","2023-08-10-11-32-39-935","https://www.healthcareitnews.com/news/generative-ai-not-reliable-yet-says-mayo-clinics-john-halamka",
"2023-08-10 06:28 pm;","Aptos Labs Partners with Microsoft to Drive Web3 Into the Mainstream - PR Newswire
PRNewswire  -- Aptos Labs today announced it is partnering with Microsoft to accelerate global web3 adoption using Microsoft Azure OpenAI Service.
More Info. 
https://www.prnewswire.com/news-releases/aptos-labs-partners-with-microsoft-to-drive-web3-into-the-mainstream-301896350.html
#web3#Webtribeinc#ai#chatgpt","","","Facebook","WebTribe Inc.","","","","","","2023-08-10-11-32-39-935","https://www.prnewswire.com/news-releases/aptos-labs-partners-with-microsoft-to-drive-web3-into-the-mainstream-301896350.html",
"2023-08-10 07:20 pm;","Google launches Project IDX, a new AI-enabled browser-based development environment
Google launches Project IDX, a cloud-based AI-driven development environment leveraging AI models like Codey to help developers be productive.
More Info. 
https://techcrunch.com/2023/08/08/google-launches-project-idx-a-new-ai-enabled-browser-based-development-environment/
#web3#Webtribeinc#ai#chatgpt","","","Facebook","WebTribe Inc.","","","","","","2023-08-10-11-32-39-935","https://techcrunch.com/2023/08/08/google-launches-project-idx-a-new-ai-enabled-browser-based-development-environment/",
"2023-08-10 08:12 pm;","TikTok owner ByteDance ratchets up internal test of AI chatbot 'Grace' as ChatGPT-like ...
Grace is currently accessible only to ByteDance corporate email account holders, who can log on and use the chatbot via its dedicated website.
More Info. 
https://www.scmp.com/tech/big-tech/article/3230536/tiktok-owner-bytedance-ratchets-internal-test-ai-chatbot-grace-chatgpt-service-gets-tepid-reception
#web3#Webtribeinc#ai#chatgpt","","","Facebook","WebTribe Inc.","","","","","","2023-08-10-11-32-39-935","https://www.scmp.com/tech/big-tech/article/3230536/tiktok-owner-bytedance-ratchets-internal-test-ai-chatbot-grace-chatgpt-service-gets-tepid-reception",
"2023-08-10 09:04 pm;","Quizlet launches four generative AI-powered tools to simplify studying   ZDNET
This back-to-school season is unlike any other, thanks to ChatGPT and the ensuing AI tool boom. Here's how Quizlet plans to help students excel ...
More Info. 
https://www.zdnet.com/article/quizlet-launches-four-generative-ai-powered-tools-to-simplify-studying/
#web3#Webtribeinc#ai#chatgpt","","","Facebook","WebTribe Inc.","","","","","","2023-08-10-11-32-39-935","https://www.zdnet.com/article/quizlet-launches-four-generative-ai-powered-tools-to-simplify-studying/",
"2023-08-10 09:56 pm;","6 ChatGPT Prompts To Supercharge Your LinkedIn  And Build A Huge Following  - Forbes
Don't let not knowing what to post stop you showing up on LinkedIn. Build a huge following with help from LinkedIn specialist Lara Acosta, ChatGPT ...
More Info. 
https://www.forbes.com/sites/jodiecook/2023/08/09/6-chatgpt-prompts-to-supercharge-your-linkedin-and-build-a-huge-following/
#web3#Webtribeinc#ai#chatgpt","","","Facebook","WebTribe Inc.","","","","","","2023-08-10-11-32-39-935","https://www.forbes.com/sites/jodiecook/2023/08/09/6-chatgpt-prompts-to-supercharge-your-linkedin-and-build-a-huge-following/",
"2023-08-10 10:48 pm;","UK is ill-equipped to protect workers against pitfalls of AI   Artificial intelligence  AI    The Guardian
The culture, media and sport select committee has warned of risks not just to aspects of workers  39  jobs but also their autonomy.
More Info. 
https://www.theguardian.com/technology/2023/aug/09/uk-is-ill-equipped-to-protect-workers-against-pitfalls-of-ai
#web3#Webtribeinc#ai#chatgpt","","","Facebook","WebTribe Inc.","","","","","","2023-08-10-11-32-39-935","https://www.theguardian.com/technology/2023/aug/09/uk-is-ill-equipped-to-protect-workers-against-pitfalls-of-ai",
"2023-08-10 11:40 pm;","Zoom knots itself a legal tangle over use of customer data for training AI models
Zoom wasn't any clearer when TechCrunch contacted it with questions about its data-for-AI processing in an EU law context  failing to provide us with ...
More Info. 
https://techcrunch.com/2023/08/08/zoom-data-mining-for-ai-terms-gdpr-eprivacy/
#web3#Webtribeinc#ai#chatgpt","","","Facebook","WebTribe Inc.","","","","","","2023-08-10-11-32-39-935","https://techcrunch.com/2023/08/08/zoom-data-mining-for-ai-terms-gdpr-eprivacy/",
"2023-08-11 12:32 am;","Scientific Blogging in the Age of ChatGPT - Psychology Today
The availability of ChatGPT and other AI tools has made it easy to produce a quality blog post in seconds. However, these tools may also go ...
More Info. 
https://www.psychologytoday.com/us/blog/illusions-delusions-and-reality/202308/scientific-blogging-in-the-age-of-chatgpt
#web3#Webtribeinc#ai#chatgpt","","","Facebook","WebTribe Inc.","","","","","","2023-08-10-11-32-39-935","https://www.psychologytoday.com/us/blog/illusions-delusions-and-reality/202308/scientific-blogging-in-the-age-of-chatgpt",
"2023-08-11 01:24 am;","6 big ChatGPT updates were just released - here's what you need to know - BGR
ChatGPT continues to be the main generative AI product out there, despite the obvious progress that Google and Microsoft are making.
More Info. 
https://bgr.com/tech/6-big-chatgpt-updates-were-just-released-heres-what-you-need-to-know/
#web3#Webtribeinc#ai#chatgpt","","","Facebook","WebTribe Inc.","","","","","","2023-08-10-11-32-39-935","https://bgr.com/tech/6-big-chatgpt-updates-were-just-released-heres-what-you-need-to-know/",
"2023-08-11 02:16 am;","Google says AI systems should be able to mine publishers' work unless companies opt out
The tech company's latest proposal about generative AI turns copyright law on its head, and could especially hurt smaller content creators, ...
More Info. 
https://www.theguardian.com/technology/2023/aug/09/google-says-ai-systems-should-be-able-to-mine-publishers-work-unless-companies-opt-out
#web3#Webtribeinc#ai#chatgpt","","","Facebook","WebTribe Inc.","","","","","","2023-08-10-11-32-39-935","https://www.theguardian.com/technology/2023/aug/09/google-says-ai-systems-should-be-able-to-mine-publishers-work-unless-companies-opt-out",
"2023-08-11 03:08 am;","Study Finds 52  of ChatGPT Answers Are Incorrect - TechRound
Purdue University Uncovers ChatGPT's Performance Gap in Software Programming Domain. A recent study carried out by researchers from Purdue ...
More Info. 
https://techround.co.uk/news/study-finds-52-of-chatgpt-answers-are-incorrect/
#web3#Webtribeinc#ai#chatgpt","","","Facebook","WebTribe Inc.","","","","","","2023-08-10-11-32-39-935","https://techround.co.uk/news/study-finds-52-of-chatgpt-answers-are-incorrect/",
"2023-08-11 04:00 am;","AI for Everyone: How open-source Language Models that power AI like Chat GPT are ...
Open-source Language Models  LLMs  are revolutionizing the field of data science. While models like ChatGPT exhibit remarkable power and ...
More Info. 
https://m.economictimes.com/news/how-to/ai-for-everyone-how-open-source-language-models-that-power-ai-like-chat-gpt-are-changing-the-game/articleshow/102545845.cms
#web3#Webtribeinc#ai#chatgpt","","","Facebook","WebTribe Inc.","","","","","","2023-08-10-11-32-39-935","https://m.economictimes.com/news/how-to/ai-for-everyone-how-open-source-language-models-that-power-ai-like-chat-gpt-are-changing-the-game/articleshow/102545845.cms",
"2023-08-11 04:52 am;","The dark side of ChatGPT: Hackers tap WormGPT and FraudGPT for sophisticated attacks
While FraudGPT and WormGPT are similar to ChatGPT in terms of capabilities and technology, the key difference is these dark versions have no ...
More Info. 
https://www.sdxcentral.com/articles/analysis/the-dark-side-of-chatgpt-hackers-tap-wormgpt-and-fraudgpt-for-sophisticated-attacks/2023/08/
#web3#Webtribeinc#ai#chatgpt","","","Facebook","WebTribe Inc.","","","","","","2023-08-10-11-32-39-935","https://www.sdxcentral.com/articles/analysis/the-dark-side-of-chatgpt-hackers-tap-wormgpt-and-fraudgpt-for-sophisticated-attacks/2023/08/",
"2023-08-11 05:44 am;","DARPA, White House launch  20M AI, cybersecurity challenge - Breaking Defense
The Biden administration also unveiled a new executive order targeting US investment in Chinese AI, quantum and microelectronic tech.
More Info. 
https://breakingdefense.com/2023/08/darpa-white-house-launch-20m-ai-cybersecurity-challenge/
#web3#Webtribeinc#ai#chatgpt","","","Facebook","WebTribe Inc.","","","","","","2023-08-10-11-32-39-935","https://breakingdefense.com/2023/08/darpa-white-house-launch-20m-ai-cybersecurity-challenge/",
"2023-08-11 06:36 am;","DARPA AI Cyber Challenge Aims to Secure Nation's Most Critical Software
New competition challenges the nation's top AI and cybersecurity talent to automatically find and fix software vulnerabilities, defend critical ...
More Info. 
https://www.darpa.mil/news-events/2023-08-09
#web3#Webtribeinc#ai#chatgpt","","","Facebook","WebTribe Inc.","","","","","","2023-08-10-11-32-39-935","https://www.darpa.mil/news-events/2023-08-09",
"2023-08-11 07:28 am;","Does ChatGPT have a place in the classroom?   Digital Dilemma - YouTube
... Download AJE Mobile App: https:  aje.io AJEMobile  DigitalDilemma  AI  education  learning  schools  ChatGPT  AlJazeeraEnglish.
More Info. 
https://www.youtube.com/watch?v=xWhOwotSAis
#web3#Webtribeinc#ai#chatgpt","","","Facebook","WebTribe Inc.","","","","","","2023-08-10-11-32-39-935","https://www.youtube.com/watch?v=xWhOwotSAis",
"2023-08-11 08:20 am;","Web3 innovations to onboard the next billion users - Elena Sinelnikova   Kitco News
As companies look to promote web3 adoption, Elena Sinelnikova says improving the user experience, providing education, and simplifying the process ...
More Info. 
https://www.kitco.com/news/2023-08-09/Web3-innovations-to-onboard-the-next-billion-users-Elena-Sinelnikova.html
#web3#Webtribeinc#ai#chatgpt","","","Facebook","WebTribe Inc.","","","","","","2023-08-10-11-32-39-935","https://www.kitco.com/news/2023-08-09/Web3-innovations-to-onboard-the-next-billion-users-Elena-Sinelnikova.html",
"2023-08-11 09:12 am;","The Creative Ways Teachers Are Using ChatGPT in the Classroom - Time
Teachers are grappling with how to use AI in classrooms, and coming up with creative ways for the tool to enhance education.
More Info. 
https://time.com/6300950/ai-schools-chatgpt-teachers/
#web3#Webtribeinc#ai#chatgpt","","","Facebook","WebTribe Inc.","","","","","","2023-08-10-11-32-39-935","https://time.com/6300950/ai-schools-chatgpt-teachers/",
"2023-08-11 10:04 am;","3 rescued from 59-foot sunken tug boat off South Carolina coast - WKRC
3 rescued from 59-foot sunken tugboat off South Carolina coast. by BRIANNA ALLISON   WPDE. Wed, August 9th 2023, 11:47 AM PDT. UserWay icon ...
More Info. 
https://local12.com/news/around-the-web/3-rescued-from-59-foot-sunken-tug-boat-off-south-carolina-coast-united-states-coast-guard-marine-vessel-north-myrtle-beach-diesel-fuel
#web3#Webtribeinc#ai#chatgpt","","","Facebook","WebTribe Inc.","","","","","","2023-08-10-11-32-39-935","https://local12.com/news/around-the-web/3-rescued-from-59-foot-sunken-tug-boat-off-south-carolina-coast-united-states-coast-guard-marine-vessel-north-myrtle-beach-diesel-fuel",
"2023-08-11 10:56 am;","Solana Rival Aptos  APT  Partners With Microsoft To Work on Aritificial Intelligence and Web3: Report
Solana  SOL  rival Aptos  APT  is reportedly partnering with tech giant Microsoft on a new push into artificial intelligence  AI  and web3 ...
More Info. 
https://dailyhodl.com/2023/08/09/solana-rival-aptos-apt-partners-with-microsoft-to-work-on-aritificial-intelligence-and-web3-report/
#web3#Webtribeinc#ai#chatgpt","","","Facebook","WebTribe Inc.","","","","","","2023-08-10-11-32-39-935","https://dailyhodl.com/2023/08/09/solana-rival-aptos-apt-partners-with-microsoft-to-work-on-aritificial-intelligence-and-web3-report/",
"2023-08-11 11:48 am;","Why ChatGPT just might save the humanities - Virginia Business
Why ChatGPT just might save the humanities. Generative AI is taking humanities research to new level. Published August 8, 2023 by Steven Emmanuel.
More Info. 
https://www.virginiabusiness.com/article/why-chatgpt-just-might-save-the-humanities/
#web3#Webtribeinc#ai#chatgpt","","","Facebook","WebTribe Inc.","","","","","","2023-08-10-11-32-39-935","https://www.virginiabusiness.com/article/why-chatgpt-just-might-save-the-humanities/",
"2023-08-11 12:40 pm;","OpenAI identifies its GPTBot web crawler so you can block it - The Register
How to identify OpenAI's crawler bot to stop it slurping websites for training data. 3 comment bubble on white. Aww, c'mon, let us scrape your pages, ...
More Info. 
https://www.theregister.com/2023/08/08/openai_scraping_software/
#web3#Webtribeinc#ai#chatgpt","","","Facebook","WebTribe Inc.","","","","","","2023-08-10-11-32-39-935","https://www.theregister.com/2023/08/08/openai_scraping_software/",
"2023-08-11 01:32 pm;","ChatGPT is getting a slew of updates this week. Here's what you need to know - ZDNet
However, ChatGPT may be closing the gap with many highly anticipated upgrades on the horizon. Logan Kilpatrick, who works in developer relations at ...
More Info. 
https://www.zdnet.com/article/chatgpt-is-slated-to-get-a-slew-of-updates-this-week-heres-what-you-need-to-know/
#web3#Webtribeinc#ai#chatgpt","","","Facebook","WebTribe Inc.","","","","","","2023-08-10-11-32-39-935","https://www.zdnet.com/article/chatgpt-is-slated-to-get-a-slew-of-updates-this-week-heres-what-you-need-to-know/",
"2023-08-11 02:24 pm;","SIGGRAPH Special Address: NVIDIA CEO Brings Generative AI to LA Show
Speaking to thousands of developers and graphics pros, Jensen Huang announces updated GH200 Grace Hopper Superchip, NVIDIA AI Workbench, updates ...
More Info. 
https://blogs.nvidia.com/blog/2023/08/08/siggraph-2023-special-address/
#web3#Webtribeinc#ai#chatgpt","","","Facebook","WebTribe Inc.","","","","","","2023-08-10-11-32-39-935","https://blogs.nvidia.com/blog/2023/08/08/siggraph-2023-special-address/",
"2023-08-11 03:16 pm;","Custom Instructions Now Available on ChatGPT 3.5 - Analytics India Magazine
Custom Instructions Now Available on ChatGPT 3.5. This feature is available to users everywhere, except for those in the European Union  EU  and the ...
More Info. 
https://analyticsindiamag.com/custom-instructions-now-available-on-chatgpt-3-5/
#web3#Webtribeinc#ai#chatgpt","","","Facebook","WebTribe Inc.","","","","","","2023-08-10-11-32-39-935","https://analyticsindiamag.com/custom-instructions-now-available-on-chatgpt-3-5/",
"2023-08-11 04:08 pm;","The Power of AutoGPT: Unleashing AI's Potential in Journalism - EnergyPortal.eu -
Exploring the Power of AutoGPT: Revolutionizing Journalism with AI Technology. The power of artificial intelligence  AI  has been growing ...
More Info. 
https://www.energyportal.eu/news/the-power-of-autogpt-unleashing-ais-potential-in-journalism/23006/
#web3#Webtribeinc#ai#chatgpt","","","Facebook","WebTribe Inc.","","","","","","2023-08-10-11-32-39-935","https://www.energyportal.eu/news/the-power-of-autogpt-unleashing-ais-potential-in-journalism/23006/",
"2023-08-11 05:00 pm;","Web3 Adoption: Circle Introduces Programmable Wallets As Part Of Web 3.0 Services Line
Since the launch of USDC, the digital dollar APIs, Circle has strived to deliver the infrastructure  quot to improve the user experience with nbsp ...
More Info. 
https://www.crowdfundinsider.com/2023/08/211241-web3-adoption-circle-introduces-programmable-wallets-as-part-of-web-3-0-services-line/
#web3#Webtribeinc#ai#chatgpt","","","Facebook","WebTribe Inc.","","","","","","2023-08-10-11-32-39-935","https://www.crowdfundinsider.com/2023/08/211241-web3-adoption-circle-introduces-programmable-wallets-as-part-of-web-3-0-services-line/",
"2023-08-11 05:52 pm;","You can now add preferences for ChatGPT to consider when generating its responses - SD Times
OpenAI has announced the availability of a new feature in ChatGPT to allow customers to make the chatbot fit their needs.
More Info. 
https://sdtimes.com/ai/you-can-now-add-preferences-for-chatgpt-to-consider-when-generating-its-responses/
#web3#Webtribeinc#ai#chatgpt","","","Facebook","WebTribe Inc.","","","","","","2023-08-10-11-32-39-935","https://sdtimes.com/ai/you-can-now-add-preferences-for-chatgpt-to-consider-when-generating-its-responses/",
"2023-08-11 06:44 pm;","How to use ChatGPT in college career services - Inside Higher Ed
Career services professionals are looking at ways to advise and equip students to use ChatGPT for career exploration, job hunting or writing cover ...
More Info. 
https://www.insidehighered.com/news/student-success/life-after-college/2023/08/09/how-use-chatgpt-college-career-services
#web3#Webtribeinc#ai#chatgpt","","","Facebook","WebTribe Inc.","","","","","","2023-08-10-11-32-39-935","https://www.insidehighered.com/news/student-success/life-after-college/2023/08/09/how-use-chatgpt-college-career-services",
"2023-08-11 07:36 pm;","Wait, ChatGPT didn't take my job? - The Boston Globe
Wait, ChatGPT didn't take my job? Artificial intelligence is often portrayed as a job killer. But most companies are likely to use the technology to ...
More Info. 
https://www.bostonglobe.com/2023/08/09/opinion/ai-mass-unemployment/
#web3#Webtribeinc#ai#chatgpt","","","Facebook","WebTribe Inc.","","","","","","2023-08-10-11-32-39-935","https://www.bostonglobe.com/2023/08/09/opinion/ai-mass-unemployment/",
"2023-08-11 08:28 pm;","Blockchain Tech continuously evolving with emergence of Web3, Metaverse   ANC - YouTube
Business Roadshow: Denice Dinsay talks to John James Henove, the community manager and co-founder of The Resistance Trader regarding the World of nbsp ...
More Info. 
https://www.youtube.com/watch?v=Zmi7JyrWaKc
#web3#Webtribeinc#ai#chatgpt","","","Facebook","WebTribe Inc.","","","","","","2023-08-10-11-32-39-935","https://www.youtube.com/watch?v=Zmi7JyrWaKc",
"2023-08-11 09:20 pm;","TaskChain: A World First Quest2Earn Web3 Platform Launches Presale - BeInCrypto
TaskChain, a groundbreaking Quest2Earn Web3 project, has just announced the launch of its presale today. Read more here
More Info. 
https://beincrypto.com/taskchain-quest2earn-web3-platform-launches-presale/
#web3#Webtribeinc#ai#chatgpt","","","Facebook","WebTribe Inc.","","","","","","2023-08-10-11-32-39-935","https://beincrypto.com/taskchain-quest2earn-web3-platform-launches-presale/",
"2023-08-11 10:12 pm;","Nvidia CEO: We bet the farm on AI and no one knew it   TechCrunch
Few realized it even within the company, but Nvidia risked it all on AI and the results have been impressive. Was it luck or smarts? Yes.
More Info. 
https://techcrunch.com/2023/08/08/nvidia-ceo-we-bet-the-farm-on-ai-and-no-one-knew-it/
#web3#Webtribeinc#ai#chatgpt","","","Facebook","WebTribe Inc.","","","","","","2023-08-10-11-32-39-935","https://techcrunch.com/2023/08/08/nvidia-ceo-we-bet-the-farm-on-ai-and-no-one-knew-it/",
"2023-08-11 11:04 pm;","Zoom's terms of service change sparks worries over AI uses. Here's what to know.
Some users were concerned and confused over new terms referenced training AI on user data.
More Info. 
https://www.cbsnews.com/news/zoom-privacy-issues-user-agreement/
#web3#Webtribeinc#ai#chatgpt","","","Facebook","WebTribe Inc.","","","","","","2023-08-10-11-32-39-935","https://www.cbsnews.com/news/zoom-privacy-issues-user-agreement/",
"2023-08-11 11:56 pm;","Why Apple Won't Create A ChatGPT Competitor - Forbes
Tim Cook insists that Apple produces just as much AI tech as everyone else, emphasizing AI forms a core part of all of Apple  39 s technology, nbsp ...
More Info. 
https://www.forbes.com/sites/timbajarin/2023/08/08/why-apple-wont-create-a-chatgpt-competitor/
#web3#Webtribeinc#ai#chatgpt","","","Facebook","WebTribe Inc.","","","","","","2023-08-10-11-32-39-935","https://www.forbes.com/sites/timbajarin/2023/08/08/why-apple-wont-create-a-chatgpt-competitor/",
"2023-08-12 12:48 am;","Circle Seeks to Make Crypto Payments Easier With New   39 Programmable Wallets  39  - CoinDesk
USDC stablecoin issuer Circle Internet Financial on Tuesday released a new, programmable web3 wallet platform that the company says can help ...
More Info. 
https://www.coindesk.com/business/2023/08/08/embargo-circle-makes-crypto-payments-easier-with-new-programmable-web3-wallet-for-businesses/
#web3#Webtribeinc#ai#chatgpt","","","Facebook","WebTribe Inc.","","","","","","2023-08-10-11-32-39-935","https://www.coindesk.com/business/2023/08/08/embargo-circle-makes-crypto-payments-easier-with-new-programmable-web3-wallet-for-businesses/",
"2023-08-12 01:40 am;","How does ChatGPT play a role in education?   FOX31 Denver
Schafer said ChatGPT is a generative artificial intelligence program. Essentially what that means is you feed in information, like a prompt and or a ...
More Info. 
https://kdvr.com/news/local/how-does-chatgpt-play-a-role-in-education/
#web3#Webtribeinc#ai#chatgpt","","","Facebook","WebTribe Inc.","","","","","","2023-08-10-11-32-39-935","https://kdvr.com/news/local/how-does-chatgpt-play-a-role-in-education/",
"2023-08-12 02:32 am;","AI is still driving Big Tech earnings - Yahoo Finance
They AI hype cycle isn't dying down anytime soon. Need proof? Look no further than Big Tech's latest earnings reports.
More Info. 
https://finance.yahoo.com/news/ai-is-still-driving-big-tech-earnings-142614467.html
#web3#Webtribeinc#ai#chatgpt","","","Facebook","WebTribe Inc.","","","","","","2023-08-10-11-32-39-935","https://finance.yahoo.com/news/ai-is-still-driving-big-tech-earnings-142614467.html",
"2023-08-12 03:24 am;","How PayPal's Stablecoin Launch Could Pioneer Mainstream Web3 Adoption - Forbes
This strategic move not only marks a pivotal step for PayPal but also carries implications for the broader landscape of Web3 and cryptocurrencies.
More Info. 
https://www.forbes.com/sites/digital-assets/2023/08/09/how-paypals-stablecoin-launch-could-pioneer-mainstream-web3-adoption/
#web3#Webtribeinc#ai#chatgpt","","","Facebook","WebTribe Inc.","","","","","","2023-08-10-11-32-39-935","https://www.forbes.com/sites/digital-assets/2023/08/09/how-paypals-stablecoin-launch-could-pioneer-mainstream-web3-adoption/",
"2023-08-12 04:16 am;","75  of Organizations Worldwide Set to Ban ChatGPT and Generative AI Apps on Work Devices
... organizations worldwide are currently implementing or considering bans on ChatGPT and other Generative AI applications within the workplace.
More Info. 
https://finance.yahoo.com/news/75-organizations-worldwide-set-ban-090000877.html
#web3#Webtribeinc#ai#chatgpt","","","Facebook","WebTribe Inc.","","","","","","2023-08-10-11-32-39-935","https://finance.yahoo.com/news/75-organizations-worldwide-set-ban-090000877.html",
"2023-08-12 05:08 am;","Learn to create a ChatGPT AI bot with this course bundle - ZDNET
Level up your AI skills with this back-to-school ChatGPT and Python coding bundle deal.
More Info. 
https://www.zdnet.com/article/learn-to-create-a-chatgpt-ai-bot-with-this-course-bundle/
#web3#Webtribeinc#ai#chatgpt","","","Facebook","WebTribe Inc.","","","","","","2023-08-10-11-32-39-935","https://www.zdnet.com/article/learn-to-create-a-chatgpt-ai-bot-with-this-course-bundle/",
"2023-08-12 06:00 am;","Breaking: Microsoft Partners With Aptos Labs For AI And Web3 Fusion, APT Token Spikes 18
Microsoft has joined forces with blockchain platform Aptos Labs to expand its AI endeavors and venture into the world of web3.
More Info. 
https://coingape.com/breaking-microsoft-partners-with-aptos-labs-for-ai-and-web3-fusion-apt-token-spikes-18/
#web3#Webtribeinc#ai#chatgpt","","","Facebook","WebTribe Inc.","","","","","","2023-08-10-11-32-39-935","https://coingape.com/breaking-microsoft-partners-with-aptos-labs-for-ai-and-web3-fusion-apt-token-spikes-18/",
"2023-08-12 06:52 am;","Magisterium AI: A Game Changer for the Church? - National Catholic Register
VATICAN CITY   U.S. entrepreneur Matthew Sanders says a new artificial intelligence project that his company has founded  could be a game changer  ...
More Info. 
https://www.ncregister.com/news/magisterium-ai-a-game-changer-for-the-church
#web3#Webtribeinc#ai#chatgpt","","","Facebook","WebTribe Inc.","","","","","","2023-08-10-11-32-39-935","https://www.ncregister.com/news/magisterium-ai-a-game-changer-for-the-church",
"2023-08-12 07:44 am;","Biden admin launches hacking challenge to use A.I. for cybersecurity - CNBC
The AI Cyber Challenge will offer nearly  20 million in prizes and includes collaboration from leading AI companies Anthropic, Google, ...
More Info. 
https://www.cnbc.com/2023/08/09/biden-admin-launches-hacking-challenge-to-use-ai-for-cybersecurity.html
#web3#Webtribeinc#ai#chatgpt","","","Facebook","WebTribe Inc.","","","","","","2023-08-10-11-32-39-935","https://www.cnbc.com/2023/08/09/biden-admin-launches-hacking-challenge-to-use-ai-for-cybersecurity.html",
"2023-08-12 08:36 am;","Game Maker Bans Use of AI in Artwork Design - VOA Learning English
A major American game maker has banned designers from using artificial intelligence tools to create artwork for its games. The company, Wizards of ...
More Info. 
https://learningenglish.voanews.com/a/game-maker-bans-use-of-ai-in-artwork-design/7216652.html
#web3#Webtribeinc#ai#chatgpt","","","Facebook","WebTribe Inc.","","","","","","2023-08-10-11-32-39-935","https://learningenglish.voanews.com/a/game-maker-bans-use-of-ai-in-artwork-design/7216652.html",
"2023-08-12 09:28 am;","Aptos Labs Taps Microsoft Azure to Drive Web3 Adoption - Pymnts.com
Onboarding new users to Web3 can be time-consuming and complex, which may deter people from exploring the ecosystem,  Aptos said in the release.   ...
More Info. 
https://www.pymnts.com/partnerships/2023/aptos-labs-taps-microsoft-azure-drive-web3-adoption/
#web3#Webtribeinc#ai#chatgpt","","","Facebook","WebTribe Inc.","","","","","","2023-08-10-11-32-39-935","https://www.pymnts.com/partnerships/2023/aptos-labs-taps-microsoft-azure-drive-web3-adoption/",
"2023-08-12 10:20 am;","NVIDIA AI Workbench   Fine Tuning Generative AI - YouTube
NVIDIA AI Workbench is a streamlined AI development environment to customize and deploy generative AI and LLMs. Developers can create or clone ...
More Info. 
https://www.youtube.com/watch?v=ntMRzPzSvM4
#web3#Webtribeinc#ai#chatgpt","","","Facebook","WebTribe Inc.","","","","","","2023-08-10-11-32-39-935","https://www.youtube.com/watch?v=ntMRzPzSvM4",
"2023-08-12 11:12 am;","Microsoft solutions boost Fortune 500 frontline productivity with next-generation AI
With AI transforming productivity across most segments of the workforce, our survey found that 65  of frontline workers are optimistic that AI ...
More Info. 
https://blogs.microsoft.com/blog/2023/08/09/microsoft-solutions-boost-fortune-500-frontline-productivity-with-next-generation-ai/
#web3#Webtribeinc#ai#chatgpt","","","Facebook","WebTribe Inc.","","","","","","2023-08-10-11-32-39-935","https://blogs.microsoft.com/blog/2023/08/09/microsoft-solutions-boost-fortune-500-frontline-productivity-with-next-generation-ai/",
"2023-08-12 12:04 pm;","ReSharper 2023.2: New Features, AI Assistant, and Predictive Debugger Mode - InfoQ
The AI Assistant's capabilities are explaining selected code segments, identifying potential issues, and generating XML documentation. Notably, AI ...
More Info. 
https://www.infoq.com/news/2023/08/resharper-2023-2/
#web3#Webtribeinc#ai#chatgpt","","","Facebook","WebTribe Inc.","","","","","","2023-08-10-11-32-39-935","https://www.infoq.com/news/2023/08/resharper-2023-2/",
"2023-08-12 12:56 pm;","Bemidji State partners with 218 Relocate
... announced a recent partnership with 218 Relocate. BSU Basketball web art.jpg. Bemidji State Beavers. By Pioneer Staff Report. Today at 3:38 PM.
More Info. 
https://www.bemidjipioneer.com/sports/college/bemidji-state-partners-with-218-relocate
#web3#Webtribeinc#ai#chatgpt","","","Facebook","WebTribe Inc.","","","","","","2023-08-10-11-32-39-935","https://www.bemidjipioneer.com/sports/college/bemidji-state-partners-with-218-relocate",
"2023-08-12 01:48 pm;","Google And Universal Music Group Negotiating AI-Generated Music Tool, Report Says
Google and Universal Music Group are discussing whether to license artists' melodies and vocals for AI-generated music, according to the Financial ...
More Info. 
https://www.forbes.com/sites/tylerroush/2023/08/08/google-and-universal-music-group-negotiating-ai-generated-music-tool-report-says/
#web3#Webtribeinc#ai#chatgpt","","","Facebook","WebTribe Inc.","","","","","","2023-08-10-11-32-39-935","https://www.forbes.com/sites/tylerroush/2023/08/08/google-and-universal-music-group-negotiating-ai-generated-music-tool-report-says/",
"2023-08-12 02:40 pm;","How these AI apps can help make your daily life easier
Digital lifestyle expert Carley Knobloch talks about what AI is and ... artificial intelligence can provide a way to help make your life easier.
More Info. 
https://www.today.com/video/how-these-ai-apps-can-help-make-your-daily-life-easier-190343749544
#web3#Webtribeinc#ai#chatgpt","","","Facebook","WebTribe Inc.","","","","","","2023-08-10-11-32-39-935","https://www.today.com/video/how-these-ai-apps-can-help-make-your-daily-life-easier-190343749544",
"2023-08-12 03:32 pm;","Pioneering Web 3.0 With DeFi Innovation - BW Businessworld
Satyam highlighted the emergence of Web3 technology is set to reshape market strategies and startups by unlocking new possibilities and ...
More Info. 
https://www.businessworld.in/article/Pioneering-Web-3-0-With-DeFi-Innovation-/08-08-2023-486885
#web3#Webtribeinc#ai#chatgpt","","","Facebook","WebTribe Inc.","","","","","","2023-08-10-11-32-39-935","https://www.businessworld.in/article/Pioneering-Web-3-0-With-DeFi-Innovation-/08-08-2023-486885",
"2023-08-12 04:24 pm;","The Web3 Video-Sharing Social Network Connecting Pet Lovers, Content Creators and Consumers
SINGAPORE, August 08, 2023--Furrend, the Web3 pet video-sharing social network, today exited stealth with the beta rollout of its novel ...
More Info. 
https://finance.yahoo.com/news/introducing-furrend-web3-video-sharing-170000757.html
#web3#Webtribeinc#ai#chatgpt","","","Facebook","WebTribe Inc.","","","","","","2023-08-10-11-32-39-935","https://finance.yahoo.com/news/introducing-furrend-web3-video-sharing-170000757.html",
"2023-08-12 05:16 pm;","Tome, AI Startup Founded by Ex-Meta Managers, Discusses Fundraising at  600 Million Valuation
Tome, a startup that uses artificial intelligence to make it easier to create and design presentations, has talked to investors about raising new ...
More Info. 
https://www.theinformation.com/articles/tome-ai-startup-founded-by-ex-meta-managers-discusses-fundraising-at-600-million-valuation
#web3#Webtribeinc#ai#chatgpt","","","Facebook","WebTribe Inc.","","","","","","2023-08-10-11-32-39-935","https://www.theinformation.com/articles/tome-ai-startup-founded-by-ex-meta-managers-discusses-fundraising-at-600-million-valuation",
"2023-08-12 06:08 pm;","ChatGPT maker OpenAI is now hiring, people can earn up to Rs 3.7 crore as annual salary
ChatGPT maker OpenAI is now hiring. People who have good knowledge of coding, machine learning, and other things hold the potential for an annual ...
More Info. 
https://www.indiatoday.in/technology/news/story/chatgpt-maker-openai-is-now-hiring-people-can-earn-up-to-rs-37-crore-as-annual-salary-2418667-2023-08-09
#web3#Webtribeinc#ai#chatgpt","","","Facebook","WebTribe Inc.","","","","","","2023-08-10-11-32-39-935","https://www.indiatoday.in/technology/news/story/chatgpt-maker-openai-is-now-hiring-people-can-earn-up-to-rs-37-crore-as-annual-salary-2418667-2023-08-09",
"2023-08-12 07:00 pm;","Absent Speculation, What Web3 Services Actually Deliver Utility? - CoinDesk
So what about Web3? I've been in the space since late-2016. Fascinated by the socio-economic possibilities of smart contracts, I started ...
More Info. 
https://www.coindesk.com/consensus-magazine/2023/08/08/desperately-seeking-cryptos-killer-app/
#web3#Webtribeinc#ai#chatgpt","","","Facebook","WebTribe Inc.","","","","","","2023-08-10-11-32-39-935","https://www.coindesk.com/consensus-magazine/2023/08/08/desperately-seeking-cryptos-killer-app/",
"2023-08-12 07:52 pm;","Crypto Shilling Services For Web3 Startups: FINPR's Innovative Launch
Dubai-based Web3 PR agency FINPR is breaking new ground with the launch of crypto shilling service, a targeted solution for blockchain companies ...
More Info. 
https://thecryptobasic.com/2023/08/08/crypto-shilling-services-for-web3-startups-finprs-innovative-launch/
#web3#Webtribeinc#ai#chatgpt","","","Facebook","WebTribe Inc.","","","","","","2023-08-10-11-32-39-935","https://thecryptobasic.com/2023/08/08/crypto-shilling-services-for-web3-startups-finprs-innovative-launch/",
"2023-08-12 08:44 pm;","Jet AI launches CharterGPT with more AI to come - Corporate Jet Investor
Jet AI Aviation, the Las Vegas operator, has launched CharterGPT   a new app that allows customers to use artificial intelligence to book charter.
More Info. 
https://www.corporatejetinvestor.com/news/jet-ai-launches-chartergpt-with-more-ai-to-come/
#web3#Webtribeinc#ai#chatgpt","","","Facebook","WebTribe Inc.","","","","","","2023-08-10-11-32-39-935","https://www.corporatejetinvestor.com/news/jet-ai-launches-chartergpt-with-more-ai-to-come/",
"2023-08-12 09:36 pm;","ChatGPT answers more than half of software engineering questions incorrectly - ZDNET
ChatGPT's ability to provide conversational answers to any question at any time makes the chatbot a handy resource for your information needs.
More Info. 
https://www.zdnet.com/article/chatgpt-answers-more-than-half-of-software-engineering-questions-incorrectly/
#web3#Webtribeinc#ai#chatgpt","","","Facebook","WebTribe Inc.","","","","","","2023-08-10-11-32-39-935","https://www.zdnet.com/article/chatgpt-answers-more-than-half-of-software-engineering-questions-incorrectly/",
"2023-08-12 10:28 pm;","ChatGPT - Review 2023 - PCMag Middle East
Second, ChatGPT's data only goes up to 2021, whereas Bard and Bing Chat can both surf the web for news and up-to-date information. At this time, no ...
More Info. 
https://me.pcmag.com/en/ai/18698/chatgpt
#web3#Webtribeinc#ai#chatgpt","","","Facebook","WebTribe Inc.","","","","","","2023-08-10-11-32-39-935","https://me.pcmag.com/en/ai/18698/chatgpt",
"2023-08-12 11:20 pm;","IBM researchers easily trick ChatGPT, other AIs into hacking - Fronteras Desk
Meanwhile, Axios reports how IBM researchers easily tricked generative AIs, like ChatGPT, into conducting scams and writing malicious code.
More Info. 
https://fronterasdesk.org/content/1854416/ibm-researchers-easily-trick-chatgpt-other-ais-hacking
#web3#Webtribeinc#ai#chatgpt","","","Facebook","WebTribe Inc.","","","","","","2023-08-10-11-32-39-935","https://fronterasdesk.org/content/1854416/ibm-researchers-easily-trick-chatgpt-other-ais-hacking",
"2023-08-13 12:12 am;","Why Nvidia, C3.ai, Palantir, and Other AI Stocks Crumbled Today   The Motley Fool
Rome wasn't built in a day. The AI revolution will take years to play out.
More Info. 
https://www.fool.com/investing/2023/08/09/why-nvidia-c3ai-palantir-and-other-ai-stocks-crumb/
#web3#Webtribeinc#ai#chatgpt","","","Facebook","WebTribe Inc.","","","","","","2023-08-10-11-32-39-935","https://www.fool.com/investing/2023/08/09/why-nvidia-c3ai-palantir-and-other-ai-stocks-crumb/",
"2023-08-13 01:04 am;","France makes a big push on open-source AI - Politico
One of the biggest divides in the AI world is getting a high-profile test case in Europe. As POLITICO's Mohar Chatterjee and Gian Volpicelli ...
More Info. 
https://www.politico.com/newsletters/digital-future-daily/2023/08/08/france-makes-a-big-push-on-open-source-ai-00110341
#web3#Webtribeinc#ai#chatgpt","","","Facebook","WebTribe Inc.","","","","","","2023-08-10-11-32-39-935","https://www.politico.com/newsletters/digital-future-daily/2023/08/08/france-makes-a-big-push-on-open-source-ai-00110341",
"2023-08-13 01:56 am;","Introducing Furrend: The Web3 Video-Sharing Social Network Connecting Pet Lovers ...
Furrend, the Web3 pet video-sharing social network, today exited stealth with the beta rollout of its novel application built to empower pet video ...
More Info. 
https://www.businesswire.com/news/home/20230808217054/en/Introducing-Furrend-The-Web3-Video-Sharing-Social-Network-Connecting-Pet-Lovers-Content-Creators-and-Consumers
#web3#Webtribeinc#ai#chatgpt","","","Facebook","WebTribe Inc.","","","","","","2023-08-10-11-32-39-935","https://www.businesswire.com/news/home/20230808217054/en/Introducing-Furrend-The-Web3-Video-Sharing-Social-Network-Connecting-Pet-Lovers-Content-Creators-and-Consumers",
"2023-08-13 02:48 am;","Hawaii Schools Conflicted on ChatGPT but Not Banning It - Government Technology
Neither the Hawaii Department of Education nor the University of Hawaii are considering outright bans on ChatGPT, but educators are waiting for ...
More Info. 
https://www.govtech.com/education/k-12/hawaii-conflicted-on-chatgpt-but-arent-banning-it
#web3#Webtribeinc#ai#chatgpt","","","Facebook","WebTribe Inc.","","","","","","2023-08-10-11-32-39-935","https://www.govtech.com/education/k-12/hawaii-conflicted-on-chatgpt-but-arent-banning-it",
"2023-08-13 03:40 am;","ChatGPT's Programming Answers are Inaccurate Over 50 : Study - Analytics Insight
Incredibly plausible chatbot created by OpenAI, ChatGPT, gives inaccurate responses to inquiries on programming answers and engineering-related ...
More Info. 
https://www.analyticsinsight.net/chatgpts-programming-answers-are-inaccurate-over-50-study/
#web3#Webtribeinc#ai#chatgpt","","","Facebook","WebTribe Inc.","","","","","","2023-08-10-11-32-39-935","https://www.analyticsinsight.net/chatgpts-programming-answers-are-inaccurate-over-50-study/",
"2023-08-13 04:32 am;","Famous Author Jane Friedman Finds AI Fakes Being Sold Under Her Name on Amazon
But with the rise of generative artificial intelligence in self-publishing platforms like Amazon's Kindle Direct Publish, and with few guardrails, ...
More Info. 
https://www.thedailybeast.com/author-jane-friedman-finds-ai-fakes-being-sold-under-her-name-on-amazon
#web3#Webtribeinc#ai#chatgpt","","","Facebook","WebTribe Inc.","","","","","","2023-08-10-11-32-39-935","https://www.thedailybeast.com/author-jane-friedman-finds-ai-fakes-being-sold-under-her-name-on-amazon",
"2023-08-13 05:24 am;","Beyond ChatGPT: 'Social Agents'   the Policy Gap - Center for Democracy and Technology
Beyond ChatGPT: 'Social Agents'   the Policy Gap. August 9, 2023. By Emilie Grybos and Michal Luria. Remember when it was strange and exciting that ...
More Info. 
https://cdt.org/insights/beyond-chatgpt-social-agents-the-policy-gap/
#web3#Webtribeinc#ai#chatgpt","","","Facebook","WebTribe Inc.","","","","","","2023-08-10-11-32-39-935","https://cdt.org/insights/beyond-chatgpt-social-agents-the-policy-gap/",
"2023-08-13 06:16 am;","Newegg streamlines customer reviews with ChatGPT - Chain Store Age
Newegg Commerce Inc. continues to find new ways to engage customers using the ChatGPT artificial intelligence  AI  model.
More Info. 
https://www.chainstoreage.com/newegg-streamlines-customer-reviews-chatgpt
#web3#Webtribeinc#ai#chatgpt","","","Facebook","WebTribe Inc.","","","","","","2023-08-10-11-32-39-935","https://www.chainstoreage.com/newegg-streamlines-customer-reviews-chatgpt",
"2023-08-13 07:08 am;","When AI and Robotics Combine   The Nation
What happens when you marry generative artificial intelligence  AI  software like ChatGPT or Bard with advanced robotic hardware?
More Info. 
https://www.thenation.com/article/world/when-ai-and-robotics-combine/
#web3#Webtribeinc#ai#chatgpt","","","Facebook","WebTribe Inc.","","","","","","2023-08-10-11-32-39-935","https://www.thenation.com/article/world/when-ai-and-robotics-combine/",
"2023-08-13 08:00 am;","Guess who is excited about ChatGPT? The cyber criminals   The Straits Times
ChatGPT has become immensely popular since it was released in 2022, as artificial intelligence gets widely accepted. But students, businesses and ...
More Info. 
https://www.straitstimes.com/opinion/guess-who-is-excited-about-chatgpt-the-cyber-criminals
#web3#Webtribeinc#ai#chatgpt","","","Facebook","WebTribe Inc.","","","","","","2023-08-10-11-32-39-935","https://www.straitstimes.com/opinion/guess-who-is-excited-about-chatgpt-the-cyber-criminals",
"2023-08-13 08:52 am;","Hollywood strikes: How much of a threat is AI to actors and writers? - Sky News
Dr Alex Connock, a senior fellow at the University of Oxford's Said Business School, who has written a textbook on the media and AI, ...
More Info. 
https://news.sky.com/story/hollywood-strikes-how-much-of-a-threat-is-ai-to-actors-and-writers-12936784
#web3#Webtribeinc#ai#chatgpt","","","Facebook","WebTribe Inc.","","","","","","2023-08-10-11-32-39-935","https://news.sky.com/story/hollywood-strikes-how-much-of-a-threat-is-ai-to-actors-and-writers-12936784",
"2023-08-13 09:44 am;","IBM to launch Meta's Llama 2 on watsonx AI platform for businesses   Reuters
International Business Machines said on Wednesday it would host Meta Platforms' artificial intelligence language program on its own enterprise AI ...
More Info. 
https://www.reuters.com/technology/ibm-launch-metas-llama-2-watsonx-ai-platform-businesses-2023-08-09/
#web3#Webtribeinc#ai#chatgpt","","","Facebook","WebTribe Inc.","","","","","","2023-08-10-11-32-39-935","https://www.reuters.com/technology/ibm-launch-metas-llama-2-watsonx-ai-platform-businesses-2023-08-09/",
"2023-08-13 10:36 am;","Microsoft's red team has monitored AI since 2018. Here are five big insights   ZDNET
Microsoft is taking measures to ensure AI safety in its models and wants to set an example for others.
More Info. 
https://www.zdnet.com/article/microsofts-red-team-has-monitored-ai-since-2018-here-are-five-big-insights/
#web3#Webtribeinc#ai#chatgpt","","","Facebook","WebTribe Inc.","","","","","","2023-08-10-11-32-39-935","https://www.zdnet.com/article/microsofts-red-team-has-monitored-ai-since-2018-here-are-five-big-insights/",
"2023-08-13 11:28 am;","InnovationRx: 70  Of U.S. Adults 'Concerned' About AI In Healthcare - Forbes
70  of U.S. adults are  concerned  about artificial intelligence in ... People surveyed were most comfortable with the idea of AI assisting with ...
More Info. 
https://www.forbes.com/sites/alexknapp/2023/08/09/innovationrx-70-of-us-adults-concerned-about-ai-in-healthcare/
#web3#Webtribeinc#ai#chatgpt","","","Facebook","WebTribe Inc.","","","","","","2023-08-10-11-32-39-935","https://www.forbes.com/sites/alexknapp/2023/08/09/innovationrx-70-of-us-adults-concerned-about-ai-in-healthcare/",
"2023-08-13 12:20 pm;","Zoom CEO admits mistake as terms-of-service changes raise AI fears - Axios
The video-conferencing giant claimed rights to user data for AI training, and some users were not happy.
More Info. 
https://www.axios.com/2023/08/09/zooms-terms-service-changes-ai-fears
#web3#Webtribeinc#ai#chatgpt","","","Facebook","WebTribe Inc.","","","","","","2023-08-10-11-32-39-935","https://www.axios.com/2023/08/09/zooms-terms-service-changes-ai-fears",
"2023-08-13 01:12 pm;","Your boss might want to ban ChatGPT in the workplace for these 2 reasons - Fast Company
A new survey of corporate leaders from Blackberry found that many believe ChatGPT and generative AI pose risks for privacy and a company's ...
More Info. 
https://www.fastcompany.com/90935454/chatgpt-ban-office-workplace-boss-generative-ai
#web3#Webtribeinc#ai#chatgpt","","","Facebook","WebTribe Inc.","","","","","","2023-08-10-11-32-39-935","https://www.fastcompany.com/90935454/chatgpt-ban-office-workplace-boss-generative-ai",
"2023-08-13 02:04 pm;","Google's AI ambassador walks a fine line between hype and doom - The Washington Post
James Manyika signed a statement saying that artificial intelligence could pose an existential threat to humanity. Like much of Silicon Valley, ...
More Info. 
https://www.washingtonpost.com/technology/2023/08/09/google-james-manyika-ai-existential-threat/
#web3#Webtribeinc#ai#chatgpt","","","Facebook","WebTribe Inc.","","","","","","2023-08-10-11-32-39-935","https://www.washingtonpost.com/technology/2023/08/09/google-james-manyika-ai-existential-threat/",
"2023-08-13 02:56 pm;","Can Google AI make flying more sustainable? - YouTube
Researchers at Google partnered with American Airlines to study if Google AI could accurately predict contrail forming regions, so pilots could ...
More Info. 
https://www.youtube.com/watch?v=xBkK7olwjx0
#web3#Webtribeinc#ai#chatgpt","","","Facebook","WebTribe Inc.","","","","","","2023-08-10-11-32-39-935","https://www.youtube.com/watch?v=xBkK7olwjx0",
"2023-08-13 03:48 pm;","Artificial Intelligence for the Poor   Foreign Affairs
Accountants, data analysts, coders, financial advisers, lawyers, even Hollywood screenwriters all now worry that AI will leave them jobless.
More Info. 
https://www.foreignaffairs.com/world/artificial-intelligence-poor
#web3#Webtribeinc#ai#chatgpt","","","Facebook","WebTribe Inc.","","","","","","2023-08-10-11-32-39-935","https://www.foreignaffairs.com/world/artificial-intelligence-poor",
"2023-08-13 04:40 pm;","This AI Company Releases Deepfakes Into the Wild. Can It Control Them? - WIRED
The London-based generative AI company has around 150 of these digital humans for hire. All Synthesia's clients have to do to get this glossy cast ...
More Info. 
https://www.wired.com/story/synthesia-ai-deepfakes-it-control-riparbelli/
#web3#Webtribeinc#ai#chatgpt","","","Facebook","WebTribe Inc.","","","","","","2023-08-10-11-32-39-935","https://www.wired.com/story/synthesia-ai-deepfakes-it-control-riparbelli/",
"2023-08-13 05:32 pm;","SoundHound AI Reports Second Quarter Revenue Increase of 42 , Adjusted EBITDA ...
SoundHound AI, Inc.  Nasdaq: SOUN , a global leader in voice artificial intelligence, today reported its financial results for the second quarter ...
More Info. 
https://www.businesswire.com/news/home/20230808072152/en/SoundHound-AI-Reports-Second-Quarter-Revenue-Increase-of-42-Adjusted-EBITDA-Improves-50-Strong-Increase-in-Cash-Position-Investment-in-Generative-AI-Foundation-Model
#web3#Webtribeinc#ai#chatgpt","","","Facebook","WebTribe Inc.","","","","","","2023-08-10-11-32-39-935","https://www.businesswire.com/news/home/20230808072152/en/SoundHound-AI-Reports-Second-Quarter-Revenue-Increase-of-42-Adjusted-EBITDA-Improves-50-Strong-Increase-in-Cash-Position-Investment-in-Generative-AI-Foundation-Model",
"2023-08-13 06:24 pm;","Circle launches Programmable Wallets public beta in Web3 push - Blockworks
Circle's appetite for Web3 is growing, previously enabling developer access to its Ethereum-Avalanche CCTP for faster USDC transfers.
More Info. 
https://blockworks.co/news/circle-programmable-wallets
#web3#Webtribeinc#ai#chatgpt","","","Facebook","WebTribe Inc.","","","","","","2023-08-10-11-32-39-935","https://blockworks.co/news/circle-programmable-wallets",
"2023-08-13 07:16 pm;","ChatGPT gives flawed answers to programmers - IT World Canada
A study from Purdue University has found that ChatGPT, a large language model chatbot developed by OpenAI, answered only 48 per cent of ...
More Info. 
https://www.itworldcanada.com/post/chatgpt-gives-flawed-answers-to-programmers
#web3#Webtribeinc#ai#chatgpt","","","Facebook","WebTribe Inc.","","","","","","2023-08-10-11-32-39-935","https://www.itworldcanada.com/post/chatgpt-gives-flawed-answers-to-programmers",
"2023-08-13 08:08 pm;","C3 AI COVID-19 Data Lake - Products
C3 AI data scientists have used the C3 AI COVID-19 Data Lake to investigate the economic impacts of the pandemic in the United States.
More Info. 
https://c3.live/products/c3-ai-covid-19-data-lake/product/
#web3#Webtribeinc#ai#chatgpt","","","Facebook","WebTribe Inc.","","","","","","2023-08-10-11-32-39-935","https://c3.live/products/c3-ai-covid-19-data-lake/product/",
"2023-08-13 09:00 pm;","The Orb Web Desktop - Hackaday
3 thoughts on  The Orb Web Desktop  ... Front-end to remote virtualization. ... Speaking of, DesqView X had the ability to run applications remotely, ...
More Info. 
https://hackaday.com/2023/08/08/the-orb-web-desktop/
#web3#Webtribeinc#ai#chatgpt","","","Facebook","WebTribe Inc.","","","","","","2023-08-10-11-32-39-935","https://hackaday.com/2023/08/08/the-orb-web-desktop/",
"2023-08-13 09:52 pm;","Transforming e-learning through AI: Integrating ChatGPT into learning modules
The majority of these applications utilize AI-powered platforms like ChatGPT, all of which can be securely incorporated into your existing ...
More Info. 
https://www.chieflearningofficer.com/2023/08/09/transforming-e-learning-through-ai-integrating-chatgpt-into-learning-modules/
#web3#Webtribeinc#ai#chatgpt","","","Facebook","WebTribe Inc.","","","","","","2023-08-10-11-32-39-935","https://www.chieflearningofficer.com/2023/08/09/transforming-e-learning-through-ai-integrating-chatgpt-into-learning-modules/",
"2023-08-13 10:44 pm;","Google's Arts   Culture app adds AI-generated poem postcards - The Verge
Google's Arts   Culture app has launched a new feature that lets you create AI-generated poem postcards. It uses the PaLM 2 large language model ...
More Info. 
https://www.theverge.com/2023/8/9/23826108/google-arts-culture-app-ai-generated-poem-postcards
#web3#Webtribeinc#ai#chatgpt","","","Facebook","WebTribe Inc.","","","","","","2023-08-10-11-32-39-935","https://www.theverge.com/2023/8/9/23826108/google-arts-culture-app-ai-generated-poem-postcards",
"2023-08-13 11:36 pm;","Will AI deepen distrust in news? Gannett, other media organizations want more regulations.
USA TODAY parent company Gannett and other media organizations called on policymakers to regulate generative artificial intelligence models.
More Info. 
https://www.usatoday.com/story/tech/news/2023/08/09/ai-regulations-media-gannett/70551555007/
#web3#Webtribeinc#ai#chatgpt","","","Facebook","WebTribe Inc.","","","","","","2023-08-10-11-32-39-935","https://www.usatoday.com/story/tech/news/2023/08/09/ai-regulations-media-gannett/70551555007/",
"2023-08-14 12:28 am;","Race conditions   Web Security Academy - PortSwigger
3 - Prove the concept. Try to understand what's happening, remove superfluous requests, and make sure you can still replicate the effects. Advanced ...
More Info. 
https://portswigger.net/web-security/race-conditions
#web3#Webtribeinc#ai#chatgpt","","","Facebook","WebTribe Inc.","","","","","","2023-08-10-11-32-39-935","https://portswigger.net/web-security/race-conditions",
"2023-08-14 01:20 am;","20 Tech Experts On What Businesses Should Do Now To Prep For Web3 - Forbes
The changes coming with Web3, the pace of evolution and the responses needed will be different for each business  still, it's wise to learn about ...
More Info. 
https://www.forbes.com/sites/forbestechcouncil/2023/08/09/20-tech-experts-on-what-businesses-should-do-now-to-prep-for-web3/
#web3#Webtribeinc#ai#chatgpt","","","Facebook","WebTribe Inc.","","","","","","2023-08-10-11-32-39-935","https://www.forbes.com/sites/forbestechcouncil/2023/08/09/20-tech-experts-on-what-businesses-should-do-now-to-prep-for-web3/",
"2023-08-14 02:12 am;","Upstart Stock Is Tumbling. The AI Lender's Guidance Disappointed.   Barron's
Upstart uses artificial-intelligence technology to inform its lending decisions. Isamphan Dreamstime. Upstart Holdings UPST  0.42  stock was ...
More Info. 
https://www.barrons.com/articles/upstart-stock-earnings-ai-lending-292a4d37
#web3#Webtribeinc#ai#chatgpt","","","Facebook","WebTribe Inc.","","","","","","2023-08-10-11-32-39-935","https://www.barrons.com/articles/upstart-stock-earnings-ai-lending-292a4d37",
