"2024-01-15 08:17 am;","Fake SEC Social Media Post Puts Security Practices of Wall Street Watchdog in Spotlight
A report last week by researchers at the cybersecurity company CloudSEK ... security compromises at the SEC have hurt investors. In 2016, a hacker ...
More Info. 
https://www.investopedia.com/fake-sec-social-media-post-puts-security-practices-of-wall-street-watchdog-in-spotlight-8424778
#bugbounty#bountycounty#cybersecurity#penest","","","linkedin","Bounty County","","","","","","2024-01-14-22-57-34-823","https://www.investopedia.com/fake-sec-social-media-post-puts-security-practices-of-wall-street-watchdog-in-spotlight-8424778",
"2024-01-15 05:37 pm;","Walnut Hills restaurant offering  5K reward for identifying thief caught on video   WKRC
... reward for identifying thief caught on video photo 1. Walnut Hills restaurant offering  5K reward for identifying thief caught on video photo 2.
More Info. 
https://local12.com/news/local/gallery/walnut-hills-restaurant-offering-5k-reward-thief-robber-fireside-pizza-suspect-search-positive-id-surveillance-security-camera-video-footage-mcmillan-street-cincinnati-ohio
#bugbounty#bountycounty#cybersecurity#penest","","","linkedin","Bounty County","","","","","","2024-01-14-22-57-34-823","https://local12.com/news/local/gallery/walnut-hills-restaurant-offering-5k-reward-thief-robber-fireside-pizza-suspect-search-positive-id-surveillance-security-camera-video-footage-mcmillan-street-cincinnati-ohio",
"2024-01-16 02:57 am;","Ashland University commemorates Martin Luther King Jr. with week of campus events
Ashland University commemorates Martin Luther ... Careers Staff Directory Accessibility Site Map Legals Our Ethical Principles Responsible Disclosure ...
More Info. 
https://www.times-gazette.com/story/news/local/2024/01/13/ashland-u-plans-week-of-mlk-day-activities-community-welcome/72191573007/
#bugbounty#bountycounty#cybersecurity#penest","","","linkedin","Bounty County","","","","","","2024-01-14-22-57-34-823","https://www.times-gazette.com/story/news/local/2024/01/13/ashland-u-plans-week-of-mlk-day-activities-community-welcome/72191573007/",
"2024-01-16 12:17 pm;","Trump Trials Heighten Security Risks for Vulnerable Judiciary - Bloomberg Law News
False reports of shootings or bomb threats at two judges presiding over cases involving former President Donald Trump highlight the security ...
More Info. 
https://news.bloomberglaw.com/daily-labor-report/trump-trials-heighten-security-risks-for-vulnerable-judiciary
#bugbounty#bountycounty#cybersecurity#penest","","","linkedin","Bounty County","","","","","","2024-01-14-22-57-34-823","https://news.bloomberglaw.com/daily-labor-report/trump-trials-heighten-security-risks-for-vulnerable-judiciary",
"2024-01-16 09:37 pm;","GitLab Releases Security Updates To Fix Account Hijacking Flaw - TechWorm
Security researcher 'Asterion' discovered and reported the vulnerability to GitLab via the HackerOne bug bounty platform. It first appeared in the ...
More Info. 
https://www.techworm.net/2024/01/gitlab-security-update-fix-account-hijacking-flaw.html
#bugbounty#bountycounty#cybersecurity#penest","","","linkedin","Bounty County","","","","","","2024-01-14-22-57-34-823","https://www.techworm.net/2024/01/gitlab-security-update-fix-account-hijacking-flaw.html",
"2024-01-17 06:57 am;","Defending champion Qatar beats Lebanon 3-0 in perfect start for Asian Cup host nation
Careers Accessibility Support Site Map Legals Our Ethical Principles Responsible Disclosure Terms of Service Privacy Policy Your Privacy Choices.
More Info. 
https://www.marconews.com/story/sports/soccer/2024/01/12/defending-champion-qatar-beats-lebanon-3-0-in-perfect-start-for-asian-cup-host-nation/72206037007/
#bugbounty#bountycounty#cybersecurity#penest","","","linkedin","Bounty County","","","","","","2024-01-14-22-57-34-823","https://www.marconews.com/story/sports/soccer/2024/01/12/defending-champion-qatar-beats-lebanon-3-0-in-perfect-start-for-asian-cup-host-nation/72206037007/",
"2024-01-17 04:17 pm;","Security Guard Surrenders Service Pistol To Sex Worker As Collateral - Pindula News
The next day his company discovered that his service gun was missing and filed a police report. Mangonono scrounged for money and later made a follow- ...
More Info. 
https://www.pindula.co.zw/2024/01/13/security-guard-loses-pistol-to-sex-worker/
#bugbounty#bountycounty#cybersecurity#penest","","","linkedin","Bounty County","","","","","","2024-01-14-22-57-34-823","https://www.pindula.co.zw/2024/01/13/security-guard-loses-pistol-to-sex-worker/",
"2024-01-18 01:37 am;","Energy Security and The Green Transition - International Monetary Fund
The current energy crisis has raised important policy questions on how to strengthen short-term energy security while remaining firmly committed nbsp ...
More Info. 
https://www.imf.org/en/Publications/WP/Issues/2024/01/12/Energy-Security-and-The-Green-Transition-543806
#bugbounty#bountycounty#cybersecurity#penest","","","linkedin","Bounty County","","","","","","2024-01-14-22-57-34-823","https://www.imf.org/en/Publications/WP/Issues/2024/01/12/Energy-Security-and-The-Green-Transition-543806",
"2024-01-18 10:57 am;","houston.gr Improper Access Control vulnerability OBB-3833397   Open Bug Bounty
... security vulnerability ... A security researcher can delete the report before public disclosure, afterwards the report cannot be deleted or modified ...
More Info. 
https://www.openbugbounty.org/reports/3833397/
#bugbounty#bountycounty#cybersecurity#penest","","","linkedin","Bounty County","","","","","","2024-01-14-22-57-34-823","https://www.openbugbounty.org/reports/3833397/",
"2024-01-18 08:17 pm;","Security agents know masterminds of attacks on Plateau   Mutfwang - Vanguard News
No compensation can reward veterans for service to nation  Air chief. Kashim ...
More Info. 
https://www.vanguardngr.com/2024/01/security-agents-know-masterminds-of-attacks-on-plateau-mutfwang/
#bugbounty#bountycounty#cybersecurity#penest","","","linkedin","Bounty County","","","","","","2024-01-14-22-57-34-823","https://www.vanguardngr.com/2024/01/security-agents-know-masterminds-of-attacks-on-plateau-mutfwang/",
"2024-01-19 05:37 am;","Kozhikode ACP suspended for protocol violation while transporting Rs 750 cr cash
... security duties of transporting Rs 750 crore from Union Bank's currency ... report stated. A special ADGP in charge of law and order also submitted ...
More Info. 
https://english.mathrubhumi.com/news/kerala/security-breach-when-escorting-rs-700-crore-currency-asst-commissioner-suspended-1.9235781
#bugbounty#bountycounty#cybersecurity#penest","","","linkedin","Bounty County","","","","","","2024-01-14-22-57-34-823","https://english.mathrubhumi.com/news/kerala/security-breach-when-escorting-rs-700-crore-currency-asst-commissioner-suspended-1.9235781",
"2024-01-19 02:57 pm;","TSA detected fewer guns at Des Moines airport in 2023 compared to 2022, officials say
Responsible gun owners know where ... Responsible Disclosure Subscription Terms   Conditions Terms of Service Privacy Policy Your Privacy Choices.
More Info. 
https://www.desmoinesregister.com/story/news/local/2024/01/13/tsa-fewer-guns-detected-at-des-moines-airport-checkpoints-in-2023-firearms-plane-safety/72206212007/
#bugbounty#bountycounty#cybersecurity#penest","","","linkedin","Bounty County","","","","","","2024-01-14-22-57-34-823","https://www.desmoinesregister.com/story/news/local/2024/01/13/tsa-fewer-guns-detected-at-des-moines-airport-checkpoints-in-2023-firearms-plane-safety/72206212007/",
"2024-01-20 12:17 am;","D-Link Technical Support
Reporting a Suspected Security Vulnerability. If you would like to report a security issue, vulnerability, or exploit  please fill out this form ...
More Info. 
https://support.dlink.com/ReportVulnerabilities.aspx/1000
#bugbounty#bountycounty#cybersecurity#penest","","","linkedin","Bounty County","","","","","","2024-01-14-22-57-34-823","https://support.dlink.com/ReportVulnerabilities.aspx/1000",
"2024-01-20 09:37 am;","A tale of sinus woes: My encounter with Bartlesville  39 s new MedWise Clinic
The MedWise Clinic in Bartlesville lives up to its parent company  39 s legacy with quick, efficient and friendly service.
More Info. 
https://www.examiner-enterprise.com/story/news/healthcare/2024/01/13/medwise-clinic-where-efficiency-meets-kindness-in-healthcare/72194501007/
#bugbounty#bountycounty#cybersecurity#penest","","","linkedin","Bounty County","","","","","","2024-01-14-22-57-34-823","https://www.examiner-enterprise.com/story/news/healthcare/2024/01/13/medwise-clinic-where-efficiency-meets-kindness-in-healthcare/72194501007/",
"2024-01-20 06:57 pm;","Walnut Hills restaurant offering  5K reward for identifying thief caught on video   WKRC
Security footage shows the suspect walking up and throwing something through the glass front door. The shop owner is offering a  5,000 reward if ...
More Info. 
https://local12.com/news/local/walnut-hills-restaurant-offering-5k-reward-thief-robber-fireside-pizza-suspect-search-positive-id-surveillance-security-camera-video-footage-mcmillan-street-cincinnati-ohio
#bugbounty#bountycounty#cybersecurity#penest","","","linkedin","Bounty County","","","","","","2024-01-14-22-57-34-823","https://local12.com/news/local/walnut-hills-restaurant-offering-5k-reward-thief-robber-fireside-pizza-suspect-search-positive-id-surveillance-security-camera-video-footage-mcmillan-street-cincinnati-ohio",
"2024-01-21 04:17 am;","How to Recover After Failing a Cybersecurity Audit - Security Boulevard
SOX   The stakes are high for failing to accurately report financial data, and almost make non-compliance the 'last mistake you'll ever make' with ...
More Info. 
https://www.cybersecurityinformer.com/?open-article-id=25936077&article-title=how-to-recover-after-failing-a-cybersecurity-audit&blog-domain=securityboulevard.com&blog-title=security-boulevard
#bugbounty#bountycounty#cybersecurity#penest","","","linkedin","Bounty County","","","","","","2024-01-14-22-57-34-823","https://www.cybersecurityinformer.com/?open-article-id=25936077&article-title=how-to-recover-after-failing-a-cybersecurity-audit&blog-domain=securityboulevard.com&blog-title=security-boulevard",
"2024-01-21 01:37 pm;","Report a security issue - Fullscript
Report a security issue. While we currently do not have an official ... If you are a security researcher and have discovered a security vulnerability ...
More Info. 
https://fullscript.com/security
#bugbounty#bountycounty#cybersecurity#penest","","","linkedin","Bounty County","","","","","","2024-01-14-22-57-34-823","https://fullscript.com/security",
"2024-01-21 10:57 pm;","Israeli Security Forces Arrest Sisters Of Eliminated Hamas Deputy Leader - I24news
The terrorist leader had a  5 million bounty imposed by the U.S. and spent many years in Israeli prisons, for his role in managing and financing ...
More Info. 
https://www.i24news.tv/en/news/middle-east/palestinian-territories/1705216964-israeli-security-forces-arrest-sisters-of-eliminated-hamas-deputy-leader-palestinian-reports
#bugbounty#bountycounty#cybersecurity#penest","","","linkedin","Bounty County","","","","","","2024-01-14-22-57-34-823","https://www.i24news.tv/en/news/middle-east/palestinian-territories/1705216964-israeli-security-forces-arrest-sisters-of-eliminated-hamas-deputy-leader-palestinian-reports",
