"2023-08-01 05:34 am;","Man  39 s Ex-Wife Reads Emotional Letter To His New Bride   YourTango
ex wife, co-parenting, wedding. Most people would not even fathom having their ex deliver a speech at their wedding. However, one newlywed couple ...
More Info. 
https://www.yourtango.com/entertainment/mans-ex-wife-reads-emotional-letter-his-new-bride
#trending","","","linkedin","Akash Mittal","","","","","","2023-07-28-15-43-44-836","https://www.yourtango.com/entertainment/mans-ex-wife-reads-emotional-letter-his-new-bride",
"2023-08-01 06:25 am;","Anna Harrison on retiring from netball, parenting and identity   Woman's Day - Now To Love
Parenting is a challenge, that's for sure   Both Anna and Craig, a sports scientist who runs the Athlete Development Project for aspiring athletes ...
More Info. 
https://www.nowtolove.co.nz/celebrity/celeb-news/silver-fern-anna-harrison-47451
#trending","","","linkedin","Akash Mittal","","","","","","2023-07-28-15-43-44-836","https://www.nowtolove.co.nz/celebrity/celeb-news/silver-fern-anna-harrison-47451",
"2023-08-01 07:16 am;","World Cup mums balance parenting with football ambitions - VnExpress International
World Cup mums balance parenting with football ambitions. By AFP. Thu 7 27 2023, 12:31 am  PT . Jamaican Women's World Cup player Cheyna Matthews ...
More Info. 
https://e.vnexpress.net/news/football/world-cup-mums-balance-parenting-with-football-ambitions-4634728.html
#trending","","","linkedin","Akash Mittal","","","","","","2023-07-28-15-43-44-836","https://e.vnexpress.net/news/football/world-cup-mums-balance-parenting-with-football-ambitions-4634728.html",
"2023-08-01 08:07 am;","Get Your Student Loan Debt Erased by Asking ChatGPT Questions - Yahoo Finance
Because Chatgpt is short information on the state of play in student loans and on your personal situation you will have to provide it with all that ...
More Info. 
https://finance.yahoo.com/news/student-loan-debt-erased-asking-153756830.html
#trending","","","linkedin","Akash Mittal","","","","","","2023-07-28-15-43-44-836","https://finance.yahoo.com/news/student-loan-debt-erased-asking-153756830.html",
"2023-08-01 08:58 am;","The Cold War had a profound impact on global geopolitics and resulted in numerous ... - Insights IAS
Reference: Insights on India. Why the question: The question is part of the static syllabus of General studies paper   1 and mentioned as part of ...
More Info. 
https://www.insightsonindia.com/2023/07/28/the-cold-war-had-a-profound-impact-on-global-geopolitics-and-resulted-in-numerous-conflicts-alliances-and-shifting-power-dynamics-across-the-world-analyse/
#trending","","","linkedin","Akash Mittal","","","","","","2023-07-28-15-43-44-836","https://www.insightsonindia.com/2023/07/28/the-cold-war-had-a-profound-impact-on-global-geopolitics-and-resulted-in-numerous-conflicts-alliances-and-shifting-power-dynamics-across-the-world-analyse/",
"2023-08-01 09:49 am;","Kids give parenting advice to first-time dad - YouTube
Kids give parenting advice to first-time dad. 3.2K views   23 hours ago ...more. Washington Post Shorts. 200K. Subscribe. 200K subscribers.
More Info. 
https://www.youtube.com/watch?v=CGl_dP8MItc
#trending","","","linkedin","Akash Mittal","","","","","","2023-07-28-15-43-44-836","https://www.youtube.com/watch?v=CGl_dP8MItc",
"2023-08-01 10:40 am;","ChatGPT's Web3 Bug Reports Are 'Nonsensical,' Immunefi Says - BankInfoSecurity
Natural language models aren't the boon to auditing many in the Web3 community hoped that generative artificial intelligence tools would be.
More Info. 
https://www.bankinfosecurity.com/chatgpts-web3-bug-reports-are-nonsensical-immunefi-says-a-22663
#trending","","","linkedin","Akash Mittal","","","","","","2023-07-28-15-43-44-836","https://www.bankinfosecurity.com/chatgpts-web3-bug-reports-are-nonsensical-immunefi-says-a-22663",
"2023-08-01 11:31 am;","Blocking access to ChatGPT is a short term solution to mitigate risk - Help Net Security
In order for organizations to enable the safe adoption of ChatGPT and avoid data exposure, they must create specific rules for users.
More Info. 
https://www.helpnetsecurity.com/2023/07/28/chatgpt-exposure/
#trending","","","linkedin","Akash Mittal","","","","","","2023-07-28-15-43-44-836","https://www.helpnetsecurity.com/2023/07/28/chatgpt-exposure/",
"2023-08-01 12:22 pm;","South Korea fines OpenAI's chatbot ChatGPT of 3.6 million won, Facebook's Meta Platform ... - Mint
The exposure occurred due to a bug in an open-source library on ChatGPT, which caused the inadvertent visibility of payment information, including ...
More Info. 
https://www.livemint.com/news/world/south-korea-fines-openais-chatbot-chatgpt-of-3-6-million-won-facebooks-meta-platform-of-7-4-billion-won-heres-why-11690517991936.html
#trending","","","linkedin","Akash Mittal","","","","","","2023-07-28-15-43-44-836","https://www.livemint.com/news/world/south-korea-fines-openais-chatbot-chatgpt-of-3-6-million-won-facebooks-meta-platform-of-7-4-billion-won-heres-why-11690517991936.html",
"2023-08-01 01:13 pm;","New AI Startup Beats 'ChatGPT Detectors' - Daily Scanner
New AI Startup Beats 'ChatGPT Detectors'   Overview: AI Text Rewriter That Passes Off As 100  Human Written   The Technology Behind Undetectable AI.
More Info. 
https://www.dailyscanner.com/new-ai-startup-beats-chatgpt-detectors/
#trending","","","linkedin","Akash Mittal","","","","","","2023-07-28-15-43-44-836","https://www.dailyscanner.com/new-ai-startup-beats-chatgpt-detectors/",
"2023-08-01 02:04 pm;","India set to be third-largest economy by FY28: SBI Research - The Economic Times
The researchers said that the current estimates may undergo an upward revision with the right policy perspective and realignment in global geopolitics ...
More Info. 
https://m.economictimes.com/news/economy/indicators/india-set-to-be-third-largest-economy-by-fy28-sbi-research/articleshow/102181464.cms
#trending","","","linkedin","Akash Mittal","","","","","","2023-07-28-15-43-44-836","https://m.economictimes.com/news/economy/indicators/india-set-to-be-third-largest-economy-by-fy28-sbi-research/articleshow/102181464.cms",
"2023-08-01 02:55 pm;","Review: Canadian drama North of Normal is a too-gentle tale of exceptionally bad parenting
Film based on Cea Sunrise Person  39 s memoir hones in on a fraught mother-daughter relationship, capturing an emotional journey of growing up in the nbsp ...
More Info. 
https://www.theglobeandmail.com/arts/film/reviews/article-canadian-drama-north-of-normal-is-a-too-gentle-tale-of-exceptionally/
#trending","","","linkedin","Akash Mittal","","","","","","2023-07-28-15-43-44-836","https://www.theglobeandmail.com/arts/film/reviews/article-canadian-drama-north-of-normal-is-a-too-gentle-tale-of-exceptionally/",
"2023-08-01 03:46 pm;","Can ChatGPT and other AI make humans better at soft skills?   Opinion - Deseret News
So-called   39 soft skills  39  are lacking in the workforce and society at large. It may sound strange, but artificial intelligence could help us nbsp ...
More Info. 
https://www.deseret.com/2023/7/26/23808736/artificial-intelligence-chat-gpt-soft-skills-workforce
#trending","","","linkedin","Akash Mittal","","","","","","2023-07-28-15-43-44-836","https://www.deseret.com/2023/7/26/23808736/artificial-intelligence-chat-gpt-soft-skills-workforce",
"2023-08-01 04:37 pm;","OpenAI plans ChatGPT Android launch in bid to extend market share from rivals - CoinGeek
ChatGPT's Android version allows users to sync their history on multiple devices and will be free to download. Experts also believe it will ...
More Info. 
https://coingeek.com/openai-plans-chatgpt-android-launch-in-bid-to-extend-market-share-from-rivals/
#trending","","","linkedin","Akash Mittal","","","","","","2023-07-28-15-43-44-836","https://coingeek.com/openai-plans-chatgpt-android-launch-in-bid-to-extend-market-share-from-rivals/",
"2023-08-01 05:28 pm;","ONWARD WINS VISA EVERYWHERE INITIATIVE: MOST INNOVATIVE FINTECH STARTUP ...
The co-parenting application wins  20,000 to continue to improve the lives of co-parents and create happier homes for the next generation.
More Info. 
https://finance.yahoo.com/news/onward-wins-visa-everywhere-initiative-150700552.html
#trending","","","linkedin","Akash Mittal","","","","","","2023-07-28-15-43-44-836","https://finance.yahoo.com/news/onward-wins-visa-everywhere-initiative-150700552.html",
"2023-08-01 06:19 pm;","Auburn nonprofit aims to support pregnant, parenting mothers in college - WTVM
That's why one nonprofit founded in East Alabama aims to empower pregnant and parenting college students. During her junior year at Auburn University ...
More Info. 
https://www.wtvm.com/2023/07/27/auburn-nonprofit-aims-support-pregnant-parenting-mothers-college/
#trending","","","linkedin","Akash Mittal","","","","","","2023-07-28-15-43-44-836","https://www.wtvm.com/2023/07/27/auburn-nonprofit-aims-support-pregnant-parenting-mothers-college/",
"2023-08-01 07:10 pm;","Silicon Diplomacy: Semiconductor Geopolitics and Technological Warfare - Imphal Free Press
In less than a year, the partnership between the countries came to an abrupt halt giving a huge setback to India's semiconductor manufacturing ...
More Info. 
https://www.ifp.co.in/opinion/silicon-diplomacy-semiconductor-geopolitics-and-technological-warfare
#trending","","","linkedin","Akash Mittal","","","","","","2023-07-28-15-43-44-836","https://www.ifp.co.in/opinion/silicon-diplomacy-semiconductor-geopolitics-and-technological-warfare",
"2023-08-01 08:01 pm;","Will ChatGPT take your job? These workers are most concerned about AI, report shows
Will ChatGPT take your job? These are the workers most concerned about AI replacing them, a new Pew Research Center study shows.
More Info. 
https://www.sfchronicle.com/tech/article/chatgpt-ai-taking-jobs-18260111.php
#trending","","","linkedin","Akash Mittal","","","","","","2023-07-28-15-43-44-836","https://www.sfchronicle.com/tech/article/chatgpt-ai-taking-jobs-18260111.php",
"2023-08-01 08:52 pm;","AWS expands Amazon Managed Blockchain for Web3 developers - InvestorsObserver
The cloud tools will help Web3 developers  build scalable applications quickly and securely,  the platform said in a blog post. AMB Access and Query ...
More Info. 
https://www.investorsobserver.com/news/qm-news/8376701474484716
#trending","","","linkedin","Akash Mittal","","","","","","2023-07-28-15-43-44-836","https://www.investorsobserver.com/news/qm-news/8376701474484716",
"2023-08-01 09:43 pm;","Simon Pryce embarrassingly admits that he isn  39 t his son  39 s favourite Wiggle - 9Honey - Nine
The Red Wiggle has told 9Honey Parenting that while his boy loves to come to his live shows alongside mum L...
More Info. 
https://honey.nine.com.au/parenting/the-wiggles-simon-pryces-embarrassing-admission-about-son-asher/37ad1eee-9e77-47ad-860c-7f8d859366f5
#trending","","","linkedin","Akash Mittal","","","","","","2023-07-28-15-43-44-836","https://honey.nine.com.au/parenting/the-wiggles-simon-pryces-embarrassing-admission-about-son-asher/37ad1eee-9e77-47ad-860c-7f8d859366f5",
"2023-08-01 10:34 pm;","ChatGPT Can Make Or Break Your MBA Application - Forbes
Is ChatGPT the answer to the perfect MBA admissions essay? Or will the admissions committee cry  Plagiarism   and reject your application out of ...
More Info. 
https://www.forbes.com/sites/marlenacorcoran/2023/07/27/chatgpt-can-make-or-break-your-mba-application/
#trending","","","linkedin","Akash Mittal","","","","","","2023-07-28-15-43-44-836","https://www.forbes.com/sites/marlenacorcoran/2023/07/27/chatgpt-can-make-or-break-your-mba-application/",
"2023-08-01 11:25 pm;","India's Strategic Autonomy Enters the Gulf Waters - AGSIW
... Saudi Arabia and Iran drive India to pursue greater strategic autonomy as ... pragmatism and national interests over ideology and geopolitics.
More Info. 
https://agsiw.org/indias-strategic-autonomy-enters-the-gulf-waters/
#trending","","","linkedin","Akash Mittal","","","","","","2023-07-28-15-43-44-836","https://agsiw.org/indias-strategic-autonomy-enters-the-gulf-waters/",
"2023-08-02 12:16 am;","Even ChatGPT's creator cannot detect if an article has been written by the AI chatbot
By Ankita Chakravarti: OpenAI, the company behind the popular chatbot ChatGPT, has decided to quietly discontinue a tool that was designed to ...
More Info. 
https://www.indiatoday.in/technology/news/story/even-chatgpts-creator-cannot-detect-if-an-article-has-been-written-by-the-ai-chatbot-2412441-2023-07-27
#trending","","","linkedin","Akash Mittal","","","","","","2023-07-28-15-43-44-836","https://www.indiatoday.in/technology/news/story/even-chatgpts-creator-cannot-detect-if-an-article-has-been-written-by-the-ai-chatbot-2412441-2023-07-27",
"2023-08-02 01:07 am;","How to Become a Speed Learner  with ChatGPT  - YouTube
To get access to IonQ systems for your company and work directly with IonQ  39 s applications team to prepare your business for quantum computing, nbsp ...
More Info. 
https://www.youtube.com/watch?v=rIJuSFsyv18
#trending","","","linkedin","Akash Mittal","","","","","","2023-07-28-15-43-44-836","https://www.youtube.com/watch?v=rIJuSFsyv18",
"2023-08-02 01:58 am;","Auburn nonprofit aims to support pregnant, parenting mothers in college - WTVM
Auburn nonprofit aims to support pregnant, parenting mothers in college. Updated: 32 minutes ago. Close. Subtitle Settings.
More Info. 
https://www.wtvm.com/video/2023/07/27/auburn-nonprofit-aims-support-pregnant-parenting-mothers-college/
#trending","","","linkedin","Akash Mittal","","","","","","2023-07-28-15-43-44-836","https://www.wtvm.com/video/2023/07/27/auburn-nonprofit-aims-support-pregnant-parenting-mothers-college/",
"2023-08-02 02:49 am;","Amanda Kloots' Parenting Essentials: The Power of Eye Contact and Love
Amanda Kloots, fitness instructor and cohost of The Talk, shared her parenting essentials and the special thing she uses in every interaction with ...
More Info. 
https://www.energyportal.eu/news/momsessed-the-talk-cohost-amanda-kloots-parenting-essentials-include-face-oil-granola-bars-classic-disney-movies/98230/
#trending","","","linkedin","Akash Mittal","","","","","","2023-07-28-15-43-44-836","https://www.energyportal.eu/news/momsessed-the-talk-cohost-amanda-kloots-parenting-essentials-include-face-oil-granola-bars-classic-disney-movies/98230/",
"2023-08-02 03:40 am;","My Employees Are Using ChatGPT. What Now?   Foley   Lardner LLP - BrianHeger.com
ChatGPT continues to be used extensively in the workplace, enabling many workers to increase their productivity. While this tool is transforming ...
More Info. 
https://www.brianheger.com/my-employees-are-using-chatgpt-what-now-foley-lardner-llp/
#trending","","","linkedin","Akash Mittal","","","","","","2023-07-28-15-43-44-836","https://www.brianheger.com/my-employees-are-using-chatgpt-what-now-foley-lardner-llp/",
"2023-08-02 04:31 am;","What is 'eggshell parenting'? Psychologist explains latest TikTok trend - NZ Herald
Eggshell parenting  is the latest phrase to trend on TikTok   and now a clinical psychologist has weighed in on the app to explain what it really ...
More Info. 
https://www.nzherald.co.nz/lifestyle/what-is-eggshell-parenting-psychologist-explains-latest-tiktok-trend/MLRLE6DBSZCHRDWI27RB4AASKQ/
#trending","","","linkedin","Akash Mittal","","","","","","2023-07-28-15-43-44-836","https://www.nzherald.co.nz/lifestyle/what-is-eggshell-parenting-psychologist-explains-latest-tiktok-trend/MLRLE6DBSZCHRDWI27RB4AASKQ/",
"2023-08-02 05:22 am;","Scott Maxwell vs. ChatGPT: The write-off results   Commentary - Orlando Sentinel
Orlando Sentinel columnist Scott Maxwell faces off against ChatGPT in a column-writing contest.
More Info. 
https://www.orlandosentinel.com/2023/07/27/chatgpt-vs-orlando-sentinel-columnist-scott-maxwell/
#trending","","","linkedin","Akash Mittal","","","","","","2023-07-28-15-43-44-836","https://www.orlandosentinel.com/2023/07/27/chatgpt-vs-orlando-sentinel-columnist-scott-maxwell/",
"2023-08-02 06:13 am;","5 Key Features of Web3 - Analytics Insight
Web3 is the term used to describe the next generation of the internet based on blockchain technology and decentralized protocols. Web3 aims to ...
More Info. 
https://www.analyticsinsight.net/5-key-features-of-web3/
#trending","","","linkedin","Akash Mittal","","","","","","2023-07-28-15-43-44-836","https://www.analyticsinsight.net/5-key-features-of-web3/",
"2023-08-02 07:04 am;","Researchers jailbreak AI chatbots, including ChatGPT - Mashable
Ever since the release of ChatGPT in November of last year, users have posted  jailbreaks  online, which allow a malicious prompt to sneak by a ...
More Info. 
https://mashable.com/article/chatgpt-claude-ai-chatbot-jailbreak
#trending","","","linkedin","Akash Mittal","","","","","","2023-07-28-15-43-44-836","https://mashable.com/article/chatgpt-claude-ai-chatbot-jailbreak",
"2023-08-02 07:55 am;","Web 3 Defi - How To Start Investing Robinhood
release time:2023-07-27 16:46:34. Web 3 Defi - How To Start Investing Robinhoodnextgen college investing planbnb price crashhow to get investment ...
More Info. 
https://www.indieshuffle.com/?46yIV7xz
#trending","","","linkedin","Akash Mittal","","","","","","2023-07-28-15-43-44-836","https://www.indieshuffle.com/?46yIV7xz",
"2023-08-02 08:46 am;","Web4   Definition, Key Pillars, and Comparison With Web3, - Techopedia
Web3 is a decentralized version of the web that aims to give users more ownership over their data and their digital assets. In Web3, organizations ...
More Info. 
https://www.techopedia.com/definition/web4
#trending","","","linkedin","Akash Mittal","","","","","","2023-07-28-15-43-44-836","https://www.techopedia.com/definition/web4",
"2023-08-02 09:37 am;","Instructors Rush to Do 'Assignment Makeovers' to Respond to ChatGPT   EdSurge News
Since the release of ChatGPT a little more than six months ago, students have quickly figured out how to get the free AI chatbot to do their ...
More Info. 
https://www.edsurge.com/news/2023-07-27-instructors-rush-to-do-assignment-makeovers-to-respond-to-chatgpt
#trending","","","linkedin","Akash Mittal","","","","","","2023-07-28-15-43-44-836","https://www.edsurge.com/news/2023-07-27-instructors-rush-to-do-assignment-makeovers-to-respond-to-chatgpt",
"2023-08-02 10:28 am;","ChatGPT, AI, and our children's future   The Bucks County Herald
ChatGPT, AI, and our children's future. Posted Thursday, July 27, 2023 12:20 am. Aarati Parmar Martino. Since elementary school I dreamed of ...
More Info. 
https://buckscountyherald.com/stories/chatgpt-ai-and-our-childrens-future,26375
#trending","","","linkedin","Akash Mittal","","","","","","2023-07-28-15-43-44-836","https://buckscountyherald.com/stories/chatgpt-ai-and-our-childrens-future,26375",
"2023-08-02 11:19 am;","Changing The Game: Explaining Web 2.0, Web 2.5, and Web 3.0 Gaming - NewsBTC
In truth, the third generation of the internet promises so much more. Web 3.0 aims to push boundaries to provide players with greater security, ...
More Info. 
https://www.newsbtc.com/news/company/changing-the-game-explaining-web-2-0-web-2-5-and-web-3-0-gaming/
#trending","","","linkedin","Akash Mittal","","","","","","2023-07-28-15-43-44-836","https://www.newsbtc.com/news/company/changing-the-game-explaining-web-2-0-web-2-5-and-web-3-0-gaming/",
"2023-08-02 12:10 pm;","OpenAI's ChatGPT is too good for its own AI to detect   PCWorld
When OpenAI launched Classifier in January, it was supposed to have been smart enough to detect when a user  say, a student  used ChatGPT or ...
More Info. 
https://www.pcworld.com/article/2008021/openais-ai-is-too-good-for-its-own-ai-to-detect.html
#trending","","","linkedin","Akash Mittal","","","","","","2023-07-28-15-43-44-836","https://www.pcworld.com/article/2008021/openais-ai-is-too-good-for-its-own-ai-to-detect.html",
"2023-08-02 01:01 pm;","How can Web3 bring financial freedom closer to reality for freelancers across the globe?
Web3 platforms can now address major concerns on traditional freelance boards using decentralized technology and crypto.
More Info. 
https://cointelegraph.com/news/how-can-web3-bring-financial-freedom-closer-to-reality-for-freelancers-across-the-globe
#trending","","","linkedin","Akash Mittal","","","","","","2023-07-28-15-43-44-836","https://cointelegraph.com/news/how-can-web3-bring-financial-freedom-closer-to-reality-for-freelancers-across-the-globe",
"2023-08-02 01:52 pm;","Dr. ChatGPT? Artificial Intelligence slowly introduced to complex areas of medicine and surgery
The rise of artificial intelligence and computer vision has opened up possibilities in various fields, and medical researchers are currently nbsp ...
More Info. 
https://www.ynetnews.com/health_science/article/bjp6xikjn
#trending","","","linkedin","Akash Mittal","","","","","","2023-07-28-15-43-44-836","https://www.ynetnews.com/health_science/article/bjp6xikjn",
"2023-08-02 02:43 pm;","Paola's Parenting Preview Summer Jobs   Eyewitness News - PAhomepage.com
PA live   WBRE    Thursday on PA live , Chris and Rachel spoke with Paola Giangiacomo for another installment of Paola's Parenting Playbook.
More Info. 
https://www.pahomepage.com/pa-live/paolas-parenting-preview-summer-jobs/
#trending","","","linkedin","Akash Mittal","","","","","","2023-07-28-15-43-44-836","https://www.pahomepage.com/pa-live/paolas-parenting-preview-summer-jobs/",
"2023-08-02 03:34 pm;","Signs Kody Brown Doesn  39 t Care About His Kids - Reality Tea
These are some of Kody Brown's worst parenting moments that indicate he doesn't really care about his kids.
More Info. 
https://www.realitytea.com/2023/07/27/kody-browns-worst-parenting-moments/
#trending","","","linkedin","Akash Mittal","","","","","","2023-07-28-15-43-44-836","https://www.realitytea.com/2023/07/27/kody-browns-worst-parenting-moments/",
"2023-08-02 04:25 pm;","India's Arctic Endeavours: Capacity Building and Capability Enhancement - IDSA
India needs to adopt a whole-of-nation approach, involving industry, ... for research in the country on Arctic governance and geopolitics.3 ...
More Info. 
https://www.idsa.in/policybrief/Indias-Arctic-Endeavours-270723
#trending","","","linkedin","Akash Mittal","","","","","","2023-07-28-15-43-44-836","https://www.idsa.in/policybrief/Indias-Arctic-Endeavours-270723",
"2023-08-02 05:16 pm;","Benzinga ChatGPT Portfolio Performs Well Against Established Market Funds Through Week 11
It is now the end of the eleventh week of Benzinga ChatGPT portfolio series, and AI stock picking is stacking up well against market funds.
More Info. 
https://thedalesreport.com/trends/benzinga-chatgpt-portfolio-performs-well-against-established-market-funds-through-week-11/
#trending","","","linkedin","Akash Mittal","","","","","","2023-07-28-15-43-44-836","https://thedalesreport.com/trends/benzinga-chatgpt-portfolio-performs-well-against-established-market-funds-through-week-11/",
"2023-08-02 06:07 pm;","How to Ask ChatGPT to Help Modify Your Car
If you're unsure what mods you need for your car to reach a certain level of performance, ChatGPT can be surprisingly useful.
More Info. 
https://www.makeuseof.com/ask-chatgpt-car-tuning/
#trending","","","linkedin","Akash Mittal","","","","","","2023-07-28-15-43-44-836","https://www.makeuseof.com/ask-chatgpt-car-tuning/",
"2023-08-02 06:58 pm;","How ChatGPT will transform artificial intelligence in ERP - TechTarget
The paradigm-shifting arrival of the ChatGPT generative AI platform last November shocked ERP vendors and customers into rethinking the role of ...
More Info. 
https://www.techtarget.com/searcherp/podcast/How-ChatGPT-will-transform-artificial-intelligence-in-ERP
#trending","","","linkedin","Akash Mittal","","","","","","2023-07-28-15-43-44-836","https://www.techtarget.com/searcherp/podcast/How-ChatGPT-will-transform-artificial-intelligence-in-ERP",
"2023-08-02 07:49 pm;","Parenting crisis - The Express Tribune
Parenting crisis. Parents are, in general, hell-bent on generating clones of themselves. Abbas Moosvi July 27, 2023.
More Info. 
https://tribune.com.pk/story/2428011/parenting-crisis
#trending","","","linkedin","Akash Mittal","","","","","","2023-07-28-15-43-44-836","https://tribune.com.pk/story/2428011/parenting-crisis",
"2023-08-02 08:40 pm;","Access the Full Power of Web3 on the Go with Ambire Wallet's Mobile App - GlobeNewswire
SOFIA, Bulgaria, July 27, 2023  GLOBE NEWSWIRE  -- Ambire Wallet, a web3 wallet that aims to make crypto self-custody easy and secure for everyone ...
More Info. 
https://www.globenewswire.com/news-release/2023/07/27/2712273/0/en/Access-the-Full-Power-of-Web3-on-the-Go-with-Ambire-Wallet-s-Mobile-App.html
#trending","","","linkedin","Akash Mittal","","","","","","2023-07-28-15-43-44-836","https://www.globenewswire.com/news-release/2023/07/27/2712273/0/en/Access-the-Full-Power-of-Web3-on-the-Go-with-Ambire-Wallet-s-Mobile-App.html",
"2023-08-02 09:31 pm;","I Am Determined to Become My Toddler  39 s  Best Friend  When She Grows Up
Parenting advice on best friends, antidepressants, and hotel stays. ... Care and Feeding is Slate's parenting advice column.
More Info. 
https://slate.com/human-interest/2023/07/best-friend-care-and-feeding.html
#trending","","","linkedin","Akash Mittal","","","","","","2023-07-28-15-43-44-836","https://slate.com/human-interest/2023/07/best-friend-care-and-feeding.html",
"2023-08-02 10:22 pm;","3 Women Share How CDS Fosters a Culture of Equality, Growth and Advancement   Built In
Now, five years after joining CDS, Wallace has been promoted to senior web developer and works with some of the company's biggest clients. In the tech ...
More Info. 
https://builtin.com/brand-studio/3-women-share-how-cds-fosters-culture-equality-growth-and-advancement
#trending","","","linkedin","Akash Mittal","","","","","","2023-07-28-15-43-44-836","https://builtin.com/brand-studio/3-women-share-how-cds-fosters-culture-equality-growth-and-advancement",
"2023-08-02 11:13 pm;","Innovative Web Browser Arc Reaches 1.0 Release - TidBITS
The new Web browser Arc has left its beta releases and waitlist behind. If you're unhappy with your browser ... Adam Engst 27 July 2023 3 comments ...
More Info. 
https://tidbits.com/2023/07/27/innovative-web-browser-arc-reaches-1-0-release/
#trending","","","linkedin","Akash Mittal","","","","","","2023-07-28-15-43-44-836","https://tidbits.com/2023/07/27/innovative-web-browser-arc-reaches-1-0-release/",
"2023-08-03 12:04 am;","Containing the damage of US  39  China policy - The Edge Singapore
US-China   geopolitics ... Foreign investment: Trends looking good for India and Southeast Asia. July 19, 2023.
More Info. 
https://www.theedgesingapore.com/views/geopolitics/containing-damage-us-china-policy
#trending","","","linkedin","Akash Mittal","","","","","","2023-07-28-15-43-44-836","https://www.theedgesingapore.com/views/geopolitics/containing-damage-us-china-policy",
"2023-08-03 12:55 am;","5 Reasons Web3 Is Less Secure Than Web 2.0 - MakeUseOf
Web3 is the blockchain-powered version of the Internet. It's an evolution of Web 2.0, with a focus on making data decentralized.
More Info. 
https://www.makeuseof.com/web-3-less-secure-than-web-2/
#trending","","","linkedin","Akash Mittal","","","","","","2023-07-28-15-43-44-836","https://www.makeuseof.com/web-3-less-secure-than-web-2/",
"2023-08-03 01:46 am;","How to Use ChatGPT Without Losing Your Brand Voice - Channel Futures
Whether you're creating content and collateral using ChatGPT, or any of the other myriad generative AI large language model  AI LLM  based writing ...
More Info. 
https://www.channelfutures.com/best-practices/how-to-use-chatgpt-without-losing-your-brand-voice
#trending","","","linkedin","Akash Mittal","","","","","","2023-07-28-15-43-44-836","https://www.channelfutures.com/best-practices/how-to-use-chatgpt-without-losing-your-brand-voice",
"2023-08-03 02:37 am;","Diocese of Louisiana to develop 'Episco-parenting Care Kits' with  1.25 million Lilly grant
The grants are part of Lilly's Christian Parenting and Caregiving Initiative, which focuses on  the pivotal role parents play in the religious lives ...
More Info. 
https://www.episcopalnewsservice.org/2023/07/27/diocese-of-louisiana-to-develop-episco-parenting-care-kits-with-1-25-million-lilly-grant/
#trending","","","linkedin","Akash Mittal","","","","","","2023-07-28-15-43-44-836","https://www.episcopalnewsservice.org/2023/07/27/diocese-of-louisiana-to-develop-episco-parenting-care-kits-with-1-25-million-lilly-grant/",
"2023-08-03 03:28 am;","Maureen Waititu   Frankie Just Gym It Are Now Co-Parenting - - Ghafla
Waititu spoke about their co-parenting arrangement in a recent interview with YouTuber Lynn Ngugi, saying that they have been  very careful not to ...
More Info. 
https://www.ghafla.com/ke/maureen-waititu-frankie-just-gym-it-are-now-co-parenting/
#trending","","","linkedin","Akash Mittal","","","","","","2023-07-28-15-43-44-836","https://www.ghafla.com/ke/maureen-waititu-frankie-just-gym-it-are-now-co-parenting/",
"2023-08-03 04:19 am;","Animoca Brands to invest  30M in Hong Kong Web3 financial app hi - TechNode Global
Hi, the Hong Kong-based Web3 financial app and ecosystem, and Animoca Brands, the company advancing digital property rights for gaming and the ...
More Info. 
https://technode.global/2023/07/28/animoca-brands-to-invest-30m-in-hong-kong-web3-financial-app-hi/
#trending","","","linkedin","Akash Mittal","","","","","","2023-07-28-15-43-44-836","https://technode.global/2023/07/28/animoca-brands-to-invest-30m-in-hong-kong-web3-financial-app-hi/",
"2023-08-03 05:10 am;","SemiconIndia 2023: From Micron to Foxconn, semiconductor giants say it is 'India's time to shine'
For the first time, geopolitics, domestic policies and private sector capacity are aligned in India's favour to become player in semiconductor ...
More Info. 
https://newsable.asianetnews.com/business/semiconindia-2023-from-micron-to-foxconn-semiconductor-giants-call-india-a-powerhouse-ryhxpk
#trending","","","linkedin","Akash Mittal","","","","","","2023-07-28-15-43-44-836","https://newsable.asianetnews.com/business/semiconindia-2023-from-micron-to-foxconn-semiconductor-giants-call-india-a-powerhouse-ryhxpk",
"2023-08-03 06:01 am;","ChatGPT isn't the death of homework   just an opportunity for schools to do things differently
It can perform mathematical equations   and show its working. ChatGPT is a generative AI system: an algorithm that can generate new content from ...
More Info. 
https://theconversation.com/chatgpt-isnt-the-death-of-homework-just-an-opportunity-for-schools-to-do-things-differently-205053
#trending","","","linkedin","Akash Mittal","","","","","","2023-07-28-15-43-44-836","https://theconversation.com/chatgpt-isnt-the-death-of-homework-just-an-opportunity-for-schools-to-do-things-differently-205053",
"2023-08-03 06:52 am;","Our 3-Year-Old Has a Midnight Addiction We Can  39 t Seem to Break
Have a question about kids, parenting, or family life? Submit it here  Dear Care and Feeding,. I'm mortified to admit this, but my 3-year-old ...
More Info. 
https://slate.com/human-interest/2023/07/toddler-milk-care-and-feeding-advice.html
#trending","","","linkedin","Akash Mittal","","","","","","2023-07-28-15-43-44-836","https://slate.com/human-interest/2023/07/toddler-milk-care-and-feeding-advice.html",
"2023-08-03 07:43 am;","FYI: the dark side of ChatGPT is in your software supply chain - Security Boulevard
ChatGPT stands for  Generative Pretrained Transformer  and it's an AI language model created by the great minds at OpenAI. It's trained on an ocean of ...
More Info. 
https://securityboulevard.com/2023/07/fyi-the-dark-side-of-chatgpt-is-in-your-software-supply-chain/
#trending","","","linkedin","Akash Mittal","","","","","","2023-07-28-15-43-44-836","https://securityboulevard.com/2023/07/fyi-the-dark-side-of-chatgpt-is-in-your-software-supply-chain/",
"2023-08-03 08:34 am;","Empowering the Web3 Ecosystem: A Hi-Storic Partnership with Animoca Brands  - nft culture
Wow, this news about hi and Animoca Brands forging a strategic partnership is truly exciting for the NFT and Web3 space  The intersection of art, ...
More Info. 
https://www.nftculture.com/nft-news/17544/
#trending","","","linkedin","Akash Mittal","","","","","","2023-07-28-15-43-44-836","https://www.nftculture.com/nft-news/17544/",
"2023-08-03 09:25 am;","India To Become World's Third-largest Economy By FY28: SBI Economists
To achieve its goal of becoming the third-largest economy, India needs to ... of prudent policies and recalibration in global geopolitics.
More Info. 
https://www.businessworld.in/article/India-To-Become-World-s-Third-largest-Economy-By-FY28-SBI-Economists/28-07-2023-485740
#trending","","","linkedin","Akash Mittal","","","","","","2023-07-28-15-43-44-836","https://www.businessworld.in/article/India-To-Become-World-s-Third-largest-Economy-By-FY28-SBI-Economists/28-07-2023-485740",
"2023-08-03 10:16 am;","Ansys bringing ChatGPT tech to its software support following Microsoft and OpenAI partnership
The company joins edtech platform makers Duolingo Inc. and consumer analytics platform CivicScience, both based in East Liberty, as the latest nbsp ...
More Info. 
https://www.bizjournals.com/pittsburgh/inno/stories/profiles/2023/07/27/ansys-openai-partnership-chatgpt.html
#trending","","","linkedin","Akash Mittal","","","","","","2023-07-28-15-43-44-836","https://www.bizjournals.com/pittsburgh/inno/stories/profiles/2023/07/27/ansys-openai-partnership-chatgpt.html",
"2023-08-03 11:07 am;","Swathi Jagdish   Smart Parenting   Bad Words    shorts - YouTube
Full Video Link - https:  youtu.be SnNc4A3ZW8Y Puthiya thalaimurai Live news Streaming for Latest News , all the current affairs of Tamil Nadu and nbsp ...
More Info. 
https://www.youtube.com/watch?v=i8SRatZNaeI
#trending","","","linkedin","Akash Mittal","","","","","","2023-07-28-15-43-44-836","https://www.youtube.com/watch?v=i8SRatZNaeI",
"2023-08-03 11:58 am;","Will ChatGPT Replace Psychiatrists? - Psychology Today
ChatGPT was not designed as a mental health tool, but it is being adapted to function as one. Posts on social media sites, such as Reddit, now coach ...
More Info. 
https://www.psychologytoday.com/us/blog/our-new-discontents/202307/will-chatgpt-replace-psychiatrists
#trending","","","linkedin","Akash Mittal","","","","","","2023-07-28-15-43-44-836","https://www.psychologytoday.com/us/blog/our-new-discontents/202307/will-chatgpt-replace-psychiatrists",
"2023-08-03 12:49 pm;","Unleashing the power of Web3: an exclusive interview with Marieke Flament, CEO ... - The Paypers
Marieke Flament, CEO of the NEAR Foundation, discusses the advantages of incorporating Web3 principles for both businesses and end consumers.
More Info. 
https://thepaypers.com/interviews/unleashing-the-power-of-web3-an-exclusive-interview-with-marieke-flament-ceo-of-the-near-foundation--1263616
#trending","","","linkedin","Akash Mittal","","","","","","2023-07-28-15-43-44-836","https://thepaypers.com/interviews/unleashing-the-power-of-web3-an-exclusive-interview-with-marieke-flament-ceo-of-the-near-foundation--1263616",
"2023-08-03 01:40 pm;","FTC Launches Investigation into Creator of ChatGPT   Alston   Bird - JDSupra
In mid-July, the Federal Trade Commission  FTC  reportedly opened an investigation into OpenAI, the maker of ChatGPT, sending the company an ...
More Info. 
https://www.jdsupra.com/legalnews/ftc-launches-investigation-into-creator-8387506/
#trending","","","linkedin","Akash Mittal","","","","","","2023-07-28-15-43-44-836","https://www.jdsupra.com/legalnews/ftc-launches-investigation-into-creator-8387506/",
"2023-08-03 02:31 pm;","The Top 9 Ways to Use ChatGPT for Your Health - MakeUseOf
Utilize ChatGPT for developing wellness habits like sleep routines, meditation techniques, and gratitude journaling. The growing popularity of AI ...
More Info. 
https://www.makeuseof.com/top-ways-use-chatgpt-health/
#trending","","","linkedin","Akash Mittal","","","","","","2023-07-28-15-43-44-836","https://www.makeuseof.com/top-ways-use-chatgpt-health/",
"2023-08-03 03:22 pm;","I  39 m a gentle parent and refuse to yell at my kid   people say I  39 m   39 abusive  39  - NY Post
Mom Sabriena Abrre, from Vancouver, Canada, uses a parenting technique called  gentle parenting  that involves not yelling at her child, ...
More Info. 
https://nypost.com/2023/07/27/im-a-gentle-parent-and-refuse-to-yell-at-my-kid-people-say-im-abusive/
#trending","","","linkedin","Akash Mittal","","","","","","2023-07-28-15-43-44-836","https://nypost.com/2023/07/27/im-a-gentle-parent-and-refuse-to-yell-at-my-kid-people-say-im-abusive/",
"2023-08-03 04:13 pm;","India's Massive Military Restructuring - Geopolitical Futures
India's strategic posture has been in a state of churn for several years now, compelling New Delhi to embark on the biggest military ...
More Info. 
https://geopoliticalfutures.com/indias-massive-military-restructuring/
#trending","","","linkedin","Akash Mittal","","","","","","2023-07-28-15-43-44-836","https://geopoliticalfutures.com/indias-massive-military-restructuring/",
"2023-08-03 05:04 pm;","Sanders County man sentenced to prison for kidnapping son, fleeing to Costa Rica - KPAX
The government alleged in court documents and at trial that in January 2020, Strong and his ex-wife entered into a parenting plan for their then two- ...
More Info. 
https://www.kpax.com/news/crime-and-courts/heron-man-sentenced-to-prison-for-kidnapping-son-fleeing-to-costa-rica
#trending","","","linkedin","Akash Mittal","","","","","","2023-07-28-15-43-44-836","https://www.kpax.com/news/crime-and-courts/heron-man-sentenced-to-prison-for-kidnapping-son-fleeing-to-costa-rica",
"2023-08-03 05:55 pm;","India: Modi's call for AU membership in the G20 and the China factor   African Arguments
... geopolitics India: Modi's call for AU membership in the G20 and the ... India's Prime Minister, Narendra Modi's recent call for the African ...
More Info. 
https://africanarguments.org/2023/07/india-modis-call-for-au-membership-in-the-g20-and-the-china-factor/
#trending","","","linkedin","Akash Mittal","","","","","","2023-07-28-15-43-44-836","https://africanarguments.org/2023/07/india-modis-call-for-au-membership-in-the-g20-and-the-china-factor/",
"2023-08-03 06:46 pm;","Want A Headstart Into Web3? These 3 Crypto Tokens Are Setting The Trend for Web3 Companies
Web3 is the other major technology that is receiving investment, apart from AI. Tokens like YPRED, DLANCE, and LPX are showcasing why this is the ...
More Info. 
https://captainaltcoin.com/want-a-headstart-into-web3-these-3-crypto-tokens-are-setting-the-trend-for-web3-companies/
#trending","","","linkedin","Akash Mittal","","","","","","2023-07-28-15-43-44-836","https://captainaltcoin.com/want-a-headstart-into-web3-these-3-crypto-tokens-are-setting-the-trend-for-web3-companies/",
"2023-08-03 07:37 pm;","Parenting 101: Get labelling for school now
Want to enjoy the last few weeks of summer without worrying about back to school prep? Parents know that to have a smooth transition into school nbsp ...
More Info. 
https://www.thesuburban.com/blogs/parenting_101/parenting-101-get-labelling-for-school-now/article_4f959866-2a34-11ee-a452-272c6c7f62a1.html
#trending","","","linkedin","Akash Mittal","","","","","","2023-07-28-15-43-44-836","https://www.thesuburban.com/blogs/parenting_101/parenting-101-get-labelling-for-school-now/article_4f959866-2a34-11ee-a452-272c6c7f62a1.html",
"2023-08-03 08:28 pm;","EDVA Judge Dismisses Data Breach Class Action for Lack of Article III Standing - Lexology
The modern  Information Age  has been defined by rapidly increasing interconnectivity and dependence on the internet by consumers and businesses
More Info. 
https://www.lexology.com/library/detail.aspx?g=83d62158-1b8d-4647-b54a-0775b3d80730
#trending","","","linkedin","Akash Mittal","","","","","","2023-07-28-15-43-44-836","https://www.lexology.com/library/detail.aspx?g=83d62158-1b8d-4647-b54a-0775b3d80730",
"2023-08-03 09:19 pm;","Giving Indian foreign policy its due, an unprecedented tinge of autonomy and self-belief
In the dynamic geopolitics post-Cold War, Indian diplomacy has borne fruits and yielded results, which get referred to as special treatments or ...
More Info. 
https://www.wionews.com/opinions-blogs/giving-indian-foreign-policy-its-due-620011
#trending","","","linkedin","Akash Mittal","","","","","","2023-07-28-15-43-44-836","https://www.wionews.com/opinions-blogs/giving-indian-foreign-policy-its-due-620011",
"2023-08-03 10:10 pm;","PM inaugurates SemiconIndia 2023 in Gandhinagar, Gujarat - Press Information Bureau
Be it health, agriculture or logistics, India is working towards a ... Ajit Minocha said that for the first time in India's history, geopolitics, ...
More Info. 
https://pib.gov.in/PressReleseDetailm.aspx?PRID=1943570
#trending","","","linkedin","Akash Mittal","","","","","","2023-07-28-15-43-44-836","https://pib.gov.in/PressReleseDetailm.aspx?PRID=1943570",
"2023-08-03 11:01 pm;","39 I loved her  39 : 15-year-old shot by family member in Durham opens up - ABC11
Copyright   2023 WTVD-TV. All Rights Reserved. Related Topics. FAMILY   PARENTING   NC   DURHAM   SHOOTING   SURVIVOR STORY. Watch Live ...
More Info. 
https://abc11.com/durham-15-year-old-destiny-sidberry-speaks/13554562/
#trending","","","linkedin","Akash Mittal","","","","","","2023-07-28-15-43-44-836","https://abc11.com/durham-15-year-old-destiny-sidberry-speaks/13554562/",
"2023-08-03 11:52 pm;","Digital marketing will become Web3's next major use case, says report - Cointelegraph
Digital marketing will be a major use case for the Web3 tech stack with uses ranging from loyalty platforms to analytics to ad agencies.
More Info. 
https://cointelegraph.com/news/digital-marketers-see-web3-crypto-next-major-opportunity
#trending","","","linkedin","Akash Mittal","","","","","","2023-07-28-15-43-44-836","https://cointelegraph.com/news/digital-marketers-see-web3-crypto-next-major-opportunity",
"2023-08-04 12:43 am;","What Does It Mean To Be A   39 Purposeful Parent  39 ? - Essence
We talked to parenting experts, educators, and moms about the trending parenting style and how it shows up in their lives and work.
More Info. 
https://www.essence.com/lifestyle/purposeful-parenting/
#trending","","","linkedin","Akash Mittal","","","","","","2023-07-28-15-43-44-836","https://www.essence.com/lifestyle/purposeful-parenting/",
"2023-08-04 01:34 am;","3 Internet Software Stocks to Buy From a Prospering Industry - July 26, 2023 - Zacks.com
The Zacks Internet software industry participants like Meta  META , Fortinet  FTNT  and Palo Alto Networks  PANW  are benefiting from high demand ...
More Info. 
https://www.zacks.com/commentary/2128147/3-internet-software-stocks-to-buy-from-a-prospering-industry
#trending","","","linkedin","Akash Mittal","","","","","","2023-07-28-15-43-44-836","https://www.zacks.com/commentary/2128147/3-internet-software-stocks-to-buy-from-a-prospering-industry",
"2023-08-04 02:25 am;","Anderson Cooper fawns over two sons, details parenting challenges and adorable 'emergency'
Anderson Cooper got real about parenting on the latest installment of Live with Kelly and Mark while filling in for Kelly Ripa.
More Info. 
https://www.hellomagazine.com/healthandbeauty/mother-and-baby/498747/anderson-cooper-challenges-of-life-as-parent-two-sons/
#trending","","","linkedin","Akash Mittal","","","","","","2023-07-28-15-43-44-836","https://www.hellomagazine.com/healthandbeauty/mother-and-baby/498747/anderson-cooper-challenges-of-life-as-parent-two-sons/",
"2023-08-04 03:16 am;","Hey, ChatGPT, are you going to take my job?   Commentary - Orlando Sentinel
If so, certainly ChatGPT could. So I decided to put the AI-based chatbot to the test by asking it to write versions of columns I'd already written.
More Info. 
https://www.orlandosentinel.com/2023/07/27/will-chatgpt-take-my-job-scott-maxwell/
#trending","","","linkedin","Akash Mittal","","","","","","2023-07-28-15-43-44-836","https://www.orlandosentinel.com/2023/07/27/will-chatgpt-take-my-job-scott-maxwell/",
"2023-08-04 04:07 am;","Google Bard attracts more new users than ChatGPT: Report - Arabian Business
Organisations with 10,000 users or more now use an average of five AI apps a day, with ChatGPT seeing more than eight times as many daily active users ...
More Info. 
https://www.arabianbusiness.com/industries/technology/google-bard-attracts-more-new-users-than-chatgpt-report
#trending","","","linkedin","Akash Mittal","","","","","","2023-07-28-15-43-44-836","https://www.arabianbusiness.com/industries/technology/google-bard-attracts-more-new-users-than-chatgpt-report",
"2023-08-04 04:58 am;","Germany can learn from France and stop moralising India on Ukraine
Russia is aggressor   Ukraine a victim. I admit US   EU have not played the best role in geopolitics and I respect India's partnership with Russia.
More Info. 
https://www.indianarrative.com/opinion-news/germany-can-learn-from-france-and-stop-moralising-india-on-ukraine-148513.html
#trending","","","linkedin","Akash Mittal","","","","","","2023-07-28-15-43-44-836","https://www.indianarrative.com/opinion-news/germany-can-learn-from-france-and-stop-moralising-india-on-ukraine-148513.html",
"2023-08-04 05:49 am;","Dear parent, you have a life too  Neglecting self-care affects your child - Daily Nation
Neglecting self-care will not bring the best outcome in the dynamic and challenging parenting journey.
More Info. 
https://nation.africa/kenya/life-and-style/wellness/dear-parent-you-have-a-life-too-4317666
#trending","","","linkedin","Akash Mittal","","","","","","2023-07-28-15-43-44-836","https://nation.africa/kenya/life-and-style/wellness/dear-parent-you-have-a-life-too-4317666",
"2023-08-04 06:40 am;","What is sustainable parenting? Here's how to practice it - The Indian Express
As parents, we want to make the best choices for our children and the planet they inherit. At the heart of sustainable parenting lies a profound ...
More Info. 
https://indianexpress.com/article/parenting/learning/sustainable-parenting-eco-friendly-practices-children-8860649/
#trending","","","linkedin","Akash Mittal","","","","","","2023-07-28-15-43-44-836","https://indianexpress.com/article/parenting/learning/sustainable-parenting-eco-friendly-practices-children-8860649/",
"2023-08-04 07:31 am;","Auburn nonprofit aims to support pregnant, parenting mothers in college - WSFA
Auburn nonprofit aims to support pregnant, parenting mothers in college. Updated: 32 minutes ago. Geo resource failed to load.
More Info. 
https://www.wsfa.com/video/2023/07/27/auburn-nonprofit-aims-support-pregnant-parenting-mothers-college/
#trending","","","linkedin","Akash Mittal","","","","","","2023-07-28-15-43-44-836","https://www.wsfa.com/video/2023/07/27/auburn-nonprofit-aims-support-pregnant-parenting-mothers-college/",
"2023-08-04 08:22 am;","With rebrand, Claire's leans into AI and web3 - Glossy
From my interest in web3 to creating my web3-focused zine, it was very natural to incorporate other innovative technologies like AI into Claire's ...
More Info. 
https://www.glossy.co/fashion/with-rebrand-claires-leans-into-ai-and-web3/
#trending","","","linkedin","Akash Mittal","","","","","","2023-07-28-15-43-44-836","https://www.glossy.co/fashion/with-rebrand-claires-leans-into-ai-and-web3/",
"2023-08-04 09:13 am;","Mum in hysterics after accidentally buying daughter X-rated toy:   39 Pecker party  39  - 9Honey
Talking Honey Parenting tackle the tricky topic of being honest to your kids   One mum has received quite a surprise upon opening an item she found in ...
More Info. 
https://honey.nine.com.au/parenting/mum-accidentally-buys-pecker-party-confetti-gun-for-daughter/e2407f7d-788a-492a-972b-1240c6f423fb
#trending","","","linkedin","Akash Mittal","","","","","","2023-07-28-15-43-44-836","https://honey.nine.com.au/parenting/mum-accidentally-buys-pecker-party-confetti-gun-for-daughter/e2407f7d-788a-492a-972b-1240c6f423fb",
"2023-08-04 10:04 am;","Digging Into India's Dash for Critical Minerals - The Wire
In the first instalment of a three-part series that explores India's efforts to ... on more than just the country's navigation of global geopolitics.
More Info. 
https://thewire.in/environment/digging-into-indias-dash-for-critical-minerals
#trending","","","linkedin","Akash Mittal","","","","","","2023-07-28-15-43-44-836","https://thewire.in/environment/digging-into-indias-dash-for-critical-minerals",
"2023-08-04 10:55 am;","Semiconductors: Can India become a global chip powerhouse? - BBC News
India has ambitious plans for semiconductor manufacturing, ... Geopolitics also seems to be in India's favour, with increased focus in the US to ...
More Info. 
https://www.bbc.com/news/world-asia-india-66265412
#trending","","","linkedin","Akash Mittal","","","","","","2023-07-28-15-43-44-836","https://www.bbc.com/news/world-asia-india-66265412",
"2023-08-04 11:46 am;","Meet the Taylor Swift of kids  39  ear-piercing - The Boston Globe
... MagazineTechnologyClimateEducationCarsReal EstateEvents. Search The Boston Globe. Sign In. SUBSCRIBE NOWStarting at  1. PARENTING UNFILTERED ...
More Info. 
https://www.bostonglobe.com/2023/07/27/lifestyle/meet-taylor-swift-kids-ear-piercing/
#trending","","","linkedin","Akash Mittal","","","","","","2023-07-28-15-43-44-836","https://www.bostonglobe.com/2023/07/27/lifestyle/meet-taylor-swift-kids-ear-piercing/",
"2023-08-04 12:37 pm;","How India will Transform ChatGPT Forever - Analytics India Magazine
OpenAI launched ChatGPT back in November 2022 and since then there has been no looking back for its web version. However, it gave them little ...
More Info. 
https://analyticsindiamag.com/how-india-will-transform-chatgpt-forever/
#trending","","","linkedin","Akash Mittal","","","","","","2023-07-28-15-43-44-836","https://analyticsindiamag.com/how-india-will-transform-chatgpt-forever/",
