"2023-07-17 07:47 AM;","Learning the art of parenting - The Kathmandu Post
Desperate for solutions, Sunita reached out to child counsellors and parenting experts. They advised her to provide firm but gentle intervention.
More Info. 
http://kathmandupost.com/art-culture/2023/07/16/learning-the-art-of-parenting
#parenting#davesacademy","","","linkedin","Dave's Academy","","","","","","2023-07-17-00-09-55-649","http://kathmandupost.com/art-culture/2023/07/16/learning-the-art-of-parenting",
"2023-07-17 03:25 PM;","Christina Hall Reveals Her   39 Difficult  39  Coparenting Dynamic with Exes - SheKnows
Christina Hall says co-parenting with ex-husbands Tarek El Moussa and Ant Anstead is  difficult  but her husband Joshua Hall keeps her  calm
More Info. 
https://www.sheknows.com/parenting/articles/2809831/christina-hall-difficult-coparenting-exes/
#parenting#davesacademy","","","linkedin","Dave's Academy","","","","","","2023-07-17-00-09-55-649","https://www.sheknows.com/parenting/articles/2809831/christina-hall-difficult-coparenting-exes/",
"2023-07-17 11:03 PM;","Blac Chyna Happy Dream Has Village to Raise Her, Khloe Kardashian Included - TMZ
Khloe's been attempting to clarify comments she made in a recent episode of  The Kardashians,  about Angela and Rob co-parenting Dream -- calling ...
More Info. 
https://www.tmz.com/2023/07/14/blac-chyna-responds-khloe-kardashian-dream-more-than-aunt-rob-angela-white/
#parenting#davesacademy","","","linkedin","Dave's Academy","","","","","","2023-07-17-00-09-55-649","https://www.tmz.com/2023/07/14/blac-chyna-responds-khloe-kardashian-dream-more-than-aunt-rob-angela-white/",
"2023-07-18 06:41 AM;","First person: Lessons learned in the trenches of parenting a teen - The Baptist Paper
Before I throw a pity party about parenting a teenager in 2023, let's be clear: it's always been a challenge   with or without the internet and ...
More Info. 
https://thebaptistpaper.org/first-person-lessons-learned-in-the-trenches-of-parenting-a-teen/
#parenting#davesacademy","","","linkedin","Dave's Academy","","","","","","2023-07-17-00-09-55-649","https://thebaptistpaper.org/first-person-lessons-learned-in-the-trenches-of-parenting-a-teen/",
"2023-07-18 02:19 PM;","Redditors express concern over Kim Kardarshian's parenting decisions: Here's why
This isn't the first time Kardashian has faced backlash regarding her parenting choices. In a previous instance, she encountered criticism for a ...
More Info. 
https://www.newsbytesapp.com/news/entertainment/redditors-express-concern-over-kim-kardashian-s-parenting-decision-here-s-why/story
#parenting#davesacademy","","","linkedin","Dave's Academy","","","","","","2023-07-17-00-09-55-649","https://www.newsbytesapp.com/news/entertainment/redditors-express-concern-over-kim-kardashian-s-parenting-decision-here-s-why/story",
"2023-07-18 09:57 PM;","My Daughter Wants to Bring a Special  Companion  Home From College. I Sense a Disaster.
Have a question about kids, parenting, or family life? Submit it here  Dear Care and Feeding,. My daughter will be a junior in the fall at an Ivy ...
More Info. 
https://slate.com/human-interest/2023/07/daughter-cat-college-care-and-feeding.html
#parenting#davesacademy","","","linkedin","Dave's Academy","","","","","","2023-07-17-00-09-55-649","https://slate.com/human-interest/2023/07/daughter-cat-college-care-and-feeding.html",
"2023-07-19 05:35 AM;","My baby greenest: When parenting goes sustainable - The Times of India
Vedika's parents are among a growing section of Indians who are practising sustainable parenting with the hope of leaving a smaller carbon ...
More Info. 
https://m.timesofindia.com/home/sunday-times/my-baby-greenest-when-parenting-goes-sustainable/articleshow/101784458.cms
#parenting#davesacademy","","","linkedin","Dave's Academy","","","","","","2023-07-17-00-09-55-649","https://m.timesofindia.com/home/sunday-times/my-baby-greenest-when-parenting-goes-sustainable/articleshow/101784458.cms",
"2023-07-19 01:13 PM;","Parenting is terrible. We're tired and stressed  but it doesn't mean we don't still love our kids.  - Insider
The author shares how parenting can be hard and stressful, while also acknowledging how much he loves his kids and the beautiful moments between ...
More Info. 
https://www.insider.com/parenting-little-kids-can-be-exhausting-and-stressful-2023-7
#parenting#davesacademy","","","linkedin","Dave's Academy","","","","","","2023-07-17-00-09-55-649","https://www.insider.com/parenting-little-kids-can-be-exhausting-and-stressful-2023-7",
"2023-07-19 08:51 PM;","Blac Chyna's Surprising Response To Khlo  Kardashian Parenting Comments
Robert and myself are co-parenting the best we can and it's all love and positivity. It takes a village to raise a child and I'm happy that Dream ...
More Info. 
https://perezhilton.com/blac-chyna-response-khloe-kardashian-parenting-comments/
#parenting#davesacademy","","","linkedin","Dave's Academy","","","","","","2023-07-17-00-09-55-649","https://perezhilton.com/blac-chyna-response-khloe-kardashian-parenting-comments/",
"2023-07-20 04:29 AM;","Care Talks by Care.com - Confident Parenting: Helping Your Kids Get Active - IU Events Calendar
Confident Parenting  Raising Children with Disabilities  Caring for Aging Loved Ones  Financial Wellness  Your healthy Lifestyle  Emotional Wellness
More Info. 
https://events.iu.edu/iuhumanrescal/event/792100-care-talks-by-carecom-confident-parenting
#parenting#davesacademy","","","linkedin","Dave's Academy","","","","","","2023-07-17-00-09-55-649","https://events.iu.edu/iuhumanrescal/event/792100-care-talks-by-carecom-confident-parenting",
"2023-07-20 12:07 PM;","'PFLAG Parent Day' celebrates parenting people who show up for LGBTQ  loved ones
PFLAG Parent Day  is a special event to celebrate LGBTQ  affirming parents and all the people who fill a parenting role for LGBTQ  kids of all ...
More Info. 
https://abc30.com/pflag-parent-day-lgbtq-lgbtqia/13507295/
#parenting#davesacademy","","","linkedin","Dave's Academy","","","","","","2023-07-17-00-09-55-649","https://abc30.com/pflag-parent-day-lgbtq-lgbtqia/13507295/",
"2023-07-20 07:45 PM;","Learning the art of parenting - The Kathmandu Post
Photo:Courtesy of Smart Parenting Nepal Facebook ... Desperate for solutions, Sunita reached out to child counsellors and parenting experts.
More Info. 
https://kathmandupost.com/art-culture/2023/07/16/learning-the-art-of-parenting
#parenting#davesacademy","","","linkedin","Dave's Academy","","","","","","2023-07-17-00-09-55-649","https://kathmandupost.com/art-culture/2023/07/16/learning-the-art-of-parenting",
"2023-07-21 03:23 AM;","Nikki Bella Gets Candid About Parenting Struggles Of Being 'Exhausted' - The Blast
However, notwithstanding that Garcia has a track record of being a champion and fighter, it seems parenting is a field that requires more training ...
More Info. 
https://theblast.com/511331/nikki-bella-gets-candid-about-parenting-struggles-of-being-exhausted-when-do-i-get-my-life-back/
#parenting#davesacademy","","","linkedin","Dave's Academy","","","","","","2023-07-17-00-09-55-649","https://theblast.com/511331/nikki-bella-gets-candid-about-parenting-struggles-of-being-exhausted-when-do-i-get-my-life-back/",
"2023-07-21 11:01 AM;","Perspective: How parenting changes your definition of happiness - Deseret News
Perspective: How parenting changes your definition of happiness. Parents of young children may not be happy around the clock in conventional ways.
More Info. 
https://www.deseret.com/2023/7/14/23789942/children-motherhood-happiness-parenting
#parenting#davesacademy","","","linkedin","Dave's Academy","","","","","","2023-07-17-00-09-55-649","https://www.deseret.com/2023/7/14/23789942/children-motherhood-happiness-parenting",
"2023-07-21 06:39 PM;","Positive parenting can help protect against the effects of stress in childhood and ... - Medical Xpress
Warm and supportive parenting may buffer against the effects of stress during childhood and adolescence. That is the key takeaway of our recent ...
More Info. 
https://medicalxpress.com/news/2023-07-positive-parenting-effects-stress-childhood.html
#parenting#davesacademy","","","linkedin","Dave's Academy","","","","","","2023-07-17-00-09-55-649","https://medicalxpress.com/news/2023-07-positive-parenting-effects-stress-childhood.html",
"2023-07-22 02:17 AM;","Brittany Bown: How creating systems can reduce stress for a smoother daily routine
190th birthday sale  Subscribe NOW for 50  off Everyday Digital   STMParenting. Brittany Bown: How creating systems can reduce stress for a ...
More Info. 
https://thewest.com.au/lifestyle/stm/brittany-bown-how-creating-systems-can-reduce-stress-for-a-smoother-daily-routine--c-11234992
#parenting#davesacademy","","","linkedin","Dave's Academy","","","","","","2023-07-17-00-09-55-649","https://thewest.com.au/lifestyle/stm/brittany-bown-how-creating-systems-can-reduce-stress-for-a-smoother-daily-routine--c-11234992",
"2023-07-22 09:55 AM;","I used to turn my nose up at chicken nuggets   now they're my greatest parenting weapon
They'd rather eat bees. Chicken nuggets have gone on to become the greatest weapon in my parenting arsenal. I don't eat meat, but I will not ...
More Info. 
https://www.thetimes.co.uk/article/i-used-to-turn-my-nose-up-at-chicken-nuggets-now-theyre-my-greatest-parenting-weapon-x8dftbd5m
#parenting#davesacademy","","","linkedin","Dave's Academy","","","","","","2023-07-17-00-09-55-649","https://www.thetimes.co.uk/article/i-used-to-turn-my-nose-up-at-chicken-nuggets-now-theyre-my-greatest-parenting-weapon-x8dftbd5m",
"2023-07-22 05:33 PM;","Strict discipline linked to risk of children developing lasting mental health issues: Study
Parenting that is hostile sometimes entails severe punishment and can be either psychological or physical. For instance, it could involve yelling at ...
More Info. 
https://www.greaterkashmir.com/life-style/strict-discipline-linked-to-risk-of-children-developing-lasting-mental-health-issues-study
#parenting#davesacademy","","","linkedin","Dave's Academy","","","","","","2023-07-17-00-09-55-649","https://www.greaterkashmir.com/life-style/strict-discipline-linked-to-risk-of-children-developing-lasting-mental-health-issues-study",
"2023-07-23 01:11 AM;","Dr. Randy Cale's Terrific Parenting: Get this now: How brains learn the fundamentals.
Immediate feedback and consistency re-train the brain over time. To learn more about how this technology aligns with healthy parenting practices, ...
More Info. 
https://www.saratogian.com/2023/07/15/dr-randy-cales-terrific-parenting-get-this-now-how-brains-learn-the-fundamentals/
#parenting#davesacademy","","","linkedin","Dave's Academy","","","","","","2023-07-17-00-09-55-649","https://www.saratogian.com/2023/07/15/dr-randy-cales-terrific-parenting-get-this-now-how-brains-learn-the-fundamentals/",
"2023-07-23 08:49 AM;","Strict discipline linked to risk of children developing lasting mental health issues: Study
Parenting that is hostile sometimes entails severe punishment and can be either psychological or physical. For instance, it could involve yelling ...
More Info. 
https://www.devdiscourse.com/article/lifestyle/2524295-strict-discipline-linked-to-risk-of-children-developing-lasting-mental-health-issues-study
#parenting#davesacademy","","","linkedin","Dave's Academy","","","","","","2023-07-17-00-09-55-649","https://www.devdiscourse.com/article/lifestyle/2524295-strict-discipline-linked-to-risk-of-children-developing-lasting-mental-health-issues-study",
"2023-07-23 04:27 PM;","Parenting is terrible. We're tired and stressed  but it doesn't mean we don't still love ... - Yahoo Sports
Parenting doesn't allow us the same spontaneity and freedom we once had, and it's OK to lament that. I can love my kids and also dislike parenting ...
More Info. 
https://ca.sports.yahoo.com/news/parenting-terrible-were-tired-stressed-151400515.html
#parenting#davesacademy","","","linkedin","Dave's Academy","","","","","","2023-07-17-00-09-55-649","https://ca.sports.yahoo.com/news/parenting-terrible-were-tired-stressed-151400515.html",
"2023-07-24 12:05 AM;","Parenting is terrible. We're tired and stressed  but it doesn't mean we don't still love our kids.
Parenting doesn't allow us the same spontaneity and freedom we once had, and it's OK to lament that.I can love my kids and also dislike parenting.
More Info. 
https://www.businessinsider.in/thelife/news/parenting-is-terrible-were-tired-and-stressed-but-it-doesnt-mean-we-dont-still-love-our-kids-/articleshow/101787557.cms
#parenting#davesacademy","","","linkedin","Dave's Academy","","","","","","2023-07-17-00-09-55-649","https://www.businessinsider.in/thelife/news/parenting-is-terrible-were-tired-and-stressed-but-it-doesnt-mean-we-dont-still-love-our-kids-/articleshow/101787557.cms",
