"2023-07-20 01:52 pm;","America's national security experts made a compelling case against the ... How human resource development is bolstering India-Tanzania ties.
Read Full Article on https://www.dailygoodmorningkashmir.com/tiktok-on-wheels-us-terms-it-national-security-threat/
#geopolitics#TheAsiaHawk","","","Facebook","The Asia Hawk","","","","","","2023-07-20-12-19-11-943","https://www.dailygoodmorningkashmir.com/tiktok-on-wheels-us-terms-it-national-security-threat/",
"2023-07-20 03:25 pm;","Union Home Minister and Minister of Cooperation, Shri Amit Shah, chaired the Regional Conference on 'Drug Trafficking and National Security' in ...
Read Full Article on https://www.newdelhitimes.com/massive-narcotics-haul-destroyed-hm-shah-lauds-officials/
#geopolitics#TheAsiaHawk","","","Facebook","The Asia Hawk","","","","","","2023-07-20-12-19-11-943","https://www.newdelhitimes.com/massive-narcotics-haul-destroyed-hm-shah-lauds-officials/",
"2023-07-20 04:58 pm;","Fierce rivals Pakistan and India will meet in Sri Lanka on 2 September for their first one-day international clash in four years, according to the ...
Read Full Article on https://supersport.com/cricket/general/news/48cb778f-177d-4210-b35d-fd199a313221/kandy-clash-on-the-cards-for-pakistan-and-india-in-asia-cup
#geopolitics#TheAsiaHawk","","","Facebook","The Asia Hawk","","","","","","2023-07-20-12-19-11-943","https://supersport.com/cricket/general/news/48cb778f-177d-4210-b35d-fd199a313221/kandy-clash-on-the-cards-for-pakistan-and-india-in-asia-cup",
"2023-07-20 06:31 pm;","Before embarking on his first India trip after taking over as President, Wickremesinghe made attempts to assuage India's apprehensions over China.
Read Full Article on https://www.tribuneindia.com/news/nation/ahead-of-india-visit-lankan-prez-allays-concerns-on-china-527190
#geopolitics#TheAsiaHawk","","","Facebook","The Asia Hawk","","","","","","2023-07-20-12-19-11-943","https://www.tribuneindia.com/news/nation/ahead-of-india-visit-lankan-prez-allays-concerns-on-china-527190",
"2023-07-20 08:04 pm;","Delayed by political tensions between cricket rivals Pakistan and India, the Asia Cup's long-awaited schedule was announced on Wednesday with ...
Read Full Article on https://news.yahoo.com/pakistan-india-agree-play-other-191217127.html
#geopolitics#TheAsiaHawk","","","Facebook","The Asia Hawk","","","","","","2023-07-20-12-19-11-943","https://news.yahoo.com/pakistan-india-agree-play-other-191217127.html",
"2023-07-20 09:37 pm;","One Chinese yuan bill lying on top of a US dollar bill. ... aren't priced in despite rising US dysfunction and tension with China, JPMorgan said.
Read Full Article on https://markets.businessinsider.com/news/currencies/de-dollarization-dollar-dominance-geopolitics-us-china-jpmorgan-globalization-yuan-2023-7
#geopolitics#TheAsiaHawk","","","Facebook","The Asia Hawk","","","","","","2023-07-20-12-19-11-943","https://markets.businessinsider.com/news/currencies/de-dollarization-dollar-dominance-geopolitics-us-china-jpmorgan-globalization-yuan-2023-7",
"2023-07-20 11:10 pm;","India News: The West's competitive pursuit of India is part of a new geopolitical one-upmateship where the West wants to have an advantage in the ...
Read Full Article on https://m.timesofindia.com/india/the-geopolitics-behind-pms-rockstar-treatment-abroad/articleshow/101922726.cms
#geopolitics#TheAsiaHawk","","","Facebook","The Asia Hawk","","","","","","2023-07-20-12-19-11-943","https://m.timesofindia.com/india/the-geopolitics-behind-pms-rockstar-treatment-abroad/articleshow/101922726.cms",
"2023-07-21 12:43 am;","An India-Pakistan love story prompts police investigations and rocket attacks. And Bruce Lee fans in Hong Kong remember a legend on his death ...
Read Full Article on https://www.dw.com/en/dw-news-asia-with-biresh-banerjee-19-july-2023/video-47236523
#geopolitics#TheAsiaHawk","","","Facebook","The Asia Hawk","","","","","","2023-07-20-12-19-11-943","https://www.dw.com/en/dw-news-asia-with-biresh-banerjee-19-july-2023/video-47236523",
"2023-07-21 02:16 am;","The UK is waking up to the threat to its national security by the ... to just 27,000 from the next largest contingent from India is the highest.
Read Full Article on https://www.orfonline.org/expert-speak/the-useful-idiots-in-western-academia/
#geopolitics#TheAsiaHawk","","","Facebook","The Asia Hawk","","","","","","2023-07-20-12-19-11-943","https://www.orfonline.org/expert-speak/the-useful-idiots-in-western-academia/",
"2023-07-21 03:49 am;","Kandy clash on the cards for Pakistan and India in Asia Cup. Lahore  Pakistan   AFP   . Issued on: 19 07 2023 - 17:26 Modified: 19 07 2023 - 17:24.
Read Full Article on https://www.france24.com/en/live-news/20230719-kandy-clash-on-the-cards-for-pakistan-and-india-in-asia-cup
#geopolitics#TheAsiaHawk","","","Facebook","The Asia Hawk","","","","","","2023-07-20-12-19-11-943","https://www.france24.com/en/live-news/20230719-kandy-clash-on-the-cards-for-pakistan-and-india-in-asia-cup",
"2023-07-21 05:22 am;","While navigating these evolving geopolitical leanings, Bangladesh must also ... of Chinese military exports from 2016 to 2020, following Pakistan.
Read Full Article on https://southasianvoices.org/china-in-south-asia-bangladesh-is-tilting-towards-china/
#geopolitics#TheAsiaHawk","","","Facebook","The Asia Hawk","","","","","","2023-07-20-12-19-11-943","https://southasianvoices.org/china-in-south-asia-bangladesh-is-tilting-towards-china/",
"2023-07-21 06:55 am;","In fact, Chinese adults saw the US more favourably than any other location in a list that included China, India, Japan, the Philippines, ...
Read Full Article on https://www.scmp.com/news/china/article/3228279/chinese-americans-view-taiwan-more-favourably-they-do-china-pew-survey-finds
#geopolitics#TheAsiaHawk","","","Facebook","The Asia Hawk","","","","","","2023-07-20-12-19-11-943","https://www.scmp.com/news/china/article/3228279/chinese-americans-view-taiwan-more-favourably-they-do-china-pew-survey-finds",
"2023-07-21 08:28 am;","Cricket News: Seven-time champions India will face arch-rivals Pakistan on September 2 in Kandy as the Asian Cricket Council  ACC  president Jay ...
Read Full Article on https://timesofindia.indiatimes.com/sports/cricket/asia-cup/asia-cup-2023-schedule-india-to-face-arch-rivals-pakistan-on-september-2-in-kandy/articleshow/101957783.cms
#geopolitics#TheAsiaHawk","","","Facebook","The Asia Hawk","","","","","","2023-07-20-12-19-11-943","https://timesofindia.indiatimes.com/sports/cricket/asia-cup/asia-cup-2023-schedule-india-to-face-arch-rivals-pakistan-on-september-2-in-kandy/articleshow/101957783.cms",
"2023-07-21 10:01 am;","China-India geopolitical relations are dominating discussion in transport and infrastructure-related filings.
Read Full Article on https://www.railway-technology.com/dashboards/filings/filings-signal-sino-india-geopolitical-relations-dominate-transport-and-infrastructural-filings/
#geopolitics#TheAsiaHawk","","","Facebook","The Asia Hawk","","","","","","2023-07-20-12-19-11-943","https://www.railway-technology.com/dashboards/filings/filings-signal-sino-india-geopolitical-relations-dominate-transport-and-infrastructural-filings/",
"2023-07-21 11:34 am;","The highlights this week: India steps up engagement with Myanmar's ruling junta amid ethnic violence in the Indian state ... Geopolitics matters.
Read Full Article on https://foreignpolicy.com/2023/07/19/india-myanmar-diplomacy-border-engagement-manipur/
#geopolitics#TheAsiaHawk","","","Facebook","The Asia Hawk","","","","","","2023-07-20-12-19-11-943","https://foreignpolicy.com/2023/07/19/india-myanmar-diplomacy-border-engagement-manipur/",
"2023-07-21 01:07 pm;","He stated further that nation, national security and progress were the priorities for the NDA.  For the NDA, it is nation first, security of the ...
Read Full Article on https://www.thestatesman.com/india/nda-stands-for-new-india-development-aspiration-pm-modi-at-meet-1503201876.html
#geopolitics#TheAsiaHawk","","","Facebook","The Asia Hawk","","","","","","2023-07-20-12-19-11-943","https://www.thestatesman.com/india/nda-stands-for-new-india-development-aspiration-pm-modi-at-meet-1503201876.html",
"2023-07-21 02:40 pm;","After China removed most of its COVID-related cross-border travel restrictions, foreign tourists are slowly returning. Ctrip, one of China's ...
Read Full Article on https://www.cfr.org/blog/you-are-planning-visit-china-heres-what-you-need-know
#geopolitics#TheAsiaHawk","","","Facebook","The Asia Hawk","","","","","","2023-07-20-12-19-11-943","https://www.cfr.org/blog/you-are-planning-visit-china-heres-what-you-need-know",
"2023-07-21 04:13 pm;","Antonia Colibasanu is a senior geopolitical analyst at Geopolitical Futures. She also lectures on geopolitics, geo-economics and economic ...
Read Full Article on https://jamestown.org/analyst/antonia-colibasanu/
#geopolitics#TheAsiaHawk","","","Facebook","The Asia Hawk","","","","","","2023-07-20-12-19-11-943","https://jamestown.org/analyst/antonia-colibasanu/",
"2023-07-21 05:46 pm;","Recently,  Vladimir  Putin's plan to rebuild Russia as a great power and a pole in our multipolar geopolitics has been dependent on whether he ...
Read Full Article on https://pakobserver.net/why-ukraine-crises-fate-hangs-in-balance/
#geopolitics#TheAsiaHawk","","","Facebook","The Asia Hawk","","","","","","2023-07-20-12-19-11-943","https://pakobserver.net/why-ukraine-crises-fate-hangs-in-balance/",
"2023-07-21 07:19 pm;","Mallikarjun Kharge, who may be the best candidate, is from India's  lowest  caste system. ... Subscribe to Worldcrunch   Geopolitics   India ...
Read Full Article on https://worldcrunch.com/world-affairs/mallikarjun-kharge-dalit-president
#geopolitics#TheAsiaHawk","","","Facebook","The Asia Hawk","","","","","","2023-07-20-12-19-11-943","https://worldcrunch.com/world-affairs/mallikarjun-kharge-dalit-president",
"2023-07-21 08:52 pm;","While India, Pakistan, and Nepal constitute Group A, Afghanistan, Sri Lanka and Bangladesh are in Group B. The release shared by the Asian Cricket ...
Read Full Article on https://thefederal.com/sports/asia-cup-full-schedule-out-india-vs-pakistan-in-kandy-on-september-2/
#geopolitics#TheAsiaHawk","","","Facebook","The Asia Hawk","","","","","","2023-07-20-12-19-11-943","https://thefederal.com/sports/asia-cup-full-schedule-out-india-vs-pakistan-in-kandy-on-september-2/",
"2023-07-21 10:25 pm;","According to national security planners, the identity of the killed ... After the twin terror attacks on Indian Army personnel, Prime Minister ...
Read Full Article on https://www.hindustantimes.com/india-news/army-jk-police-avenge-may-poonch-attacks-four-let-terrorists-gunned-down-101689730166493.html
#geopolitics#TheAsiaHawk","","","Facebook","The Asia Hawk","","","","","","2023-07-20-12-19-11-943","https://www.hindustantimes.com/india-news/army-jk-police-avenge-may-poonch-attacks-four-let-terrorists-gunned-down-101689730166493.html",
"2023-07-21 11:58 pm;","The ACC was formed in New Delhi on the 19th of September 1983, as the Asian Cricket Conference. The aims and objectives as stated in the original nbsp ...
Read Full Article on https://asiancricket.org/pakistan-a-vs-india-a-m12-acc-mens-emerging-teams-asia-cup-2023/
#geopolitics#TheAsiaHawk","","","Facebook","The Asia Hawk","","","","","","2023-07-20-12-19-11-943","https://asiancricket.org/pakistan-a-vs-india-a-m12-acc-mens-emerging-teams-asia-cup-2023/",
"2023-07-22 01:31 am;","Only 41  of Chinese Americans have a favorable view of China   survey. ... Meanwhile, 33  of Asian Americans have favorable views of India, ...
Read Full Article on https://www.forbes.com/sites/russellflannery/2023/07/19/most-asian-americans-view-their-ancestral-homelands-favorably-except-chinese-americans--pew-research/
#geopolitics#TheAsiaHawk","","","Facebook","The Asia Hawk","","","","","","2023-07-20-12-19-11-943","https://www.forbes.com/sites/russellflannery/2023/07/19/most-asian-americans-view-their-ancestral-homelands-favorably-except-chinese-americans--pew-research/",
"2023-07-22 03:04 am;","STARTALK grants, provided by the United States' National Security Agency, fund innovative programs to increase the number of citizens learning and ...
Read Full Article on https://indiaeducationdiary.in/university-of-alabama-at-birmingham-awarded-with-startalk-grant/
#geopolitics#TheAsiaHawk","","","Facebook","The Asia Hawk","","","","","","2023-07-20-12-19-11-943","https://indiaeducationdiary.in/university-of-alabama-at-birmingham-awarded-with-startalk-grant/",
"2023-07-22 04:37 am;","To enhance this approach, strategic relations with other actors, such as Russia, China, India, and Pakistan, have been strengthened in all ...
Read Full Article on https://www.geopoliticalmonitor.com/old-security-paradigms-eroding-amid-new-geopolitics-of-west-asia/
#geopolitics#TheAsiaHawk","","","Facebook","The Asia Hawk","","","","","","2023-07-20-12-19-11-943","https://www.geopoliticalmonitor.com/old-security-paradigms-eroding-amid-new-geopolitics-of-west-asia/",
"2023-07-22 06:10 am;","Setting aside their border dispute could transform their relationship and geopolitics. India's Prime Minister Narendra Modi inspects a sculpture of ...
Read Full Article on https://www.economist.com/international/2023/07/19/what-if-china-and-india-became-friends
#geopolitics#TheAsiaHawk","","","Facebook","The Asia Hawk","","","","","","2023-07-20-12-19-11-943","https://www.economist.com/international/2023/07/19/what-if-china-and-india-became-friends",
"2023-07-22 07:43 am;","Chinese and Indian manufacturers receive the largest number of warning letters about quality control issues from the FDA, including carcinogens in ...
Read Full Article on https://www.statnews.com/pharmalot/2023/07/19/fda-china-india-intas-shortages-cancer-chemotherapy-cisplatin/
#geopolitics#TheAsiaHawk","","","Facebook","The Asia Hawk","","","","","","2023-07-20-12-19-11-943","https://www.statnews.com/pharmalot/2023/07/19/fda-china-india-intas-shortages-cancer-chemotherapy-cisplatin/",
"2023-07-22 09:16 am;","Sai Sudharsan scored a magnificent century to propel India A to an eight-wicket victory over Pakistan A in the ACC Men's Emerging Asia Cup in ...
Read Full Article on https://www.geosuper.tv/latest/26178-qasim-akram-fights-out-before-pakistan-a-bowled-out-for-205-against-india-a
#geopolitics#TheAsiaHawk","","","Facebook","The Asia Hawk","","","","","","2023-07-20-12-19-11-943","https://www.geosuper.tv/latest/26178-qasim-akram-fights-out-before-pakistan-a-bowled-out-for-205-against-india-a",
"2023-07-22 10:49 am;","Chinese Private Security Companies in Latin America ... especially given geopolitical developments such as China banning exports of minerals such ...
Read Full Article on https://thediplomat.com/2023/07/india-sets-sights-on-home-mined-minerals-to-boost-its-clean-energy-plans/
#geopolitics#TheAsiaHawk","","","Facebook","The Asia Hawk","","","","","","2023-07-20-12-19-11-943","https://thediplomat.com/2023/07/india-sets-sights-on-home-mined-minerals-to-boost-its-clean-energy-plans/",
"2023-07-22 12:22 pm;","Asian Cricket Council. BCCI. PCB. BCB. Cricket Sri Lanka. India. Pakistan. Bangladesh. ODI cricket tournament. oneday internationals. Sports News.
Read Full Article on https://www.onmanorama.com/sports/cricket/2023/07/19/asia-cup-cricket-india-pakistan-match-on-sept-2.html
#geopolitics#TheAsiaHawk","","","Facebook","The Asia Hawk","","","","","","2023-07-20-12-19-11-943","https://www.onmanorama.com/sports/cricket/2023/07/19/asia-cup-cricket-india-pakistan-match-on-sept-2.html",
"2023-07-22 01:55 pm;","Convenience store shelves reflect the geopolitical tensions with China ... of locals on Taiwan's Matsu Islands are a microcosm of geopolitics.
Read Full Article on https://asia.nikkei.com/Editor-s-Picks/China-up-close/Analysis-On-Taiwan-s-remote-islands-Lithuanian-beer-is-the-star
#geopolitics#TheAsiaHawk","","","Facebook","The Asia Hawk","","","","","","2023-07-20-12-19-11-943","https://asia.nikkei.com/Editor-s-Picks/China-up-close/Analysis-On-Taiwan-s-remote-islands-Lithuanian-beer-is-the-star",
"2023-07-22 03:28 pm;","China's ambassador to Washington has warned Beijing will retaliate against US national security measures ... China and the revenge of geopolitics.
Read Full Article on https://www.ft.com/content/ad1350b9-0e4b-40a4-bb70-4c236e513e7a
#geopolitics#TheAsiaHawk","","","Facebook","The Asia Hawk","","","","","","2023-07-20-12-19-11-943","https://www.ft.com/content/ad1350b9-0e4b-40a4-bb70-4c236e513e7a",
"2023-07-22 05:01 pm;","Corruption has been the bane of most developing societies and China's case is no different. As per estimates, bribery, kickbacks, theft and waste ...
Read Full Article on https://timesofindia.indiatimes.com/blogs/voices/disappearances-and-departures-whats-happening-in-chinas-pla/
#geopolitics#TheAsiaHawk","","","Facebook","The Asia Hawk","","","","","","2023-07-20-12-19-11-943","https://timesofindia.indiatimes.com/blogs/voices/disappearances-and-departures-whats-happening-in-chinas-pla/",
"2023-07-22 06:34 pm;","Dong Jingwei, 59, has been appointed as director of the Office for Safeguarding National Security of the Central People's Government in the Hong ...
Read Full Article on https://www.japantimes.co.jp/news/2023/07/19/asia-pacific/politics-diplomacy-asia-pacific/china-names-hong-kong-security-chief/
#geopolitics#TheAsiaHawk","","","Facebook","The Asia Hawk","","","","","","2023-07-20-12-19-11-943","https://www.japantimes.co.jp/news/2023/07/19/asia-pacific/politics-diplomacy-asia-pacific/china-names-hong-kong-security-chief/",
"2023-07-22 08:07 pm;","South Asian Voices presents its latest series which examines the economic, strategic, and geopolitical role of China in South Asia.
Read Full Article on https://southasianvoices.org/china-in-south-asia-2023/
#geopolitics#TheAsiaHawk","","","Facebook","The Asia Hawk","","","","","","2023-07-20-12-19-11-943","https://southasianvoices.org/china-in-south-asia-2023/",
"2023-07-22 09:40 pm;","Due to geopolitical differences between India and Pakistan, the TAPI project is unlikely to materialize, so it ought to be from Turkmenistan to Iran ...
Read Full Article on http://www.indiandefencereview.com/news/does-the-sco-2023-summit-hint-at-the-organisations-dilution/
#geopolitics#TheAsiaHawk","","","Facebook","The Asia Hawk","","","","","","2023-07-20-12-19-11-943","http://www.indiandefencereview.com/news/does-the-sco-2023-summit-hint-at-the-organisations-dilution/",
"2023-07-22 11:13 pm;","It's also left the dollar expensive on a historical basis.  If tensions between the United States and China intensify and we get more global ...
Read Full Article on https://www.thestar.com.my/business/business-news/2023/07/20/jpmorgan-fears-for-us-dollars-dominance
#geopolitics#TheAsiaHawk","","","Facebook","The Asia Hawk","","","","","","2023-07-20-12-19-11-943","https://www.thestar.com.my/business/business-news/2023/07/20/jpmorgan-fears-for-us-dollars-dominance",
"2023-07-23 12:46 am;","India A vs Pakistan A, Emerging Asia Cup 2023 LIVE Cricket Scorecard and Updates: Sai Sudharsan's Century And Rajvardhan Hangargekar's 5-Wicket ...
Read Full Article on https://zeenews.india.com/cricket/live-updates/live-cricket-score-ind-a-vs-pak-a-acc-emerging-asia-cup-2023-match-12-today-india-a-vs-pakistan-a-r-premadasa-stadium-colombo-yash-dhull-mohammad-haris-pakistan-a-post-205-in-1st-innings-2nd-innings-target-for-india-a-206-2637245
#geopolitics#TheAsiaHawk","","","Facebook","The Asia Hawk","","","","","","2023-07-20-12-19-11-943","https://zeenews.india.com/cricket/live-updates/live-cricket-score-ind-a-vs-pak-a-acc-emerging-asia-cup-2023-match-12-today-india-a-vs-pakistan-a-r-premadasa-stadium-colombo-yash-dhull-mohammad-haris-pakistan-a-post-205-in-1st-innings-2nd-innings-target-for-india-a-206-2637245",
"2023-07-23 02:19 am;","And finally, the government call in powers allows the Secretary of State to review any in-scope transaction on national security grounds.
Read Full Article on https://www.mondaq.com/uk/corporate-and-company-law/1344422/corporate-acquisitions-and-the-national-securities-and-investments-act-2021
#geopolitics#TheAsiaHawk","","","Facebook","The Asia Hawk","","","","","","2023-07-20-12-19-11-943","https://www.mondaq.com/uk/corporate-and-company-law/1344422/corporate-acquisitions-and-the-national-securities-and-investments-act-2021",
"2023-07-23 03:52 am;","The six-team tournament which will be played in the 50-over format will begin in Pakistan before moving to Sri Lanka as per the hybrid model that ...
Read Full Article on https://www.newindianexpress.com/sport/2023/jul/20/asia-cup-india-to-begincampaign-against-pakistan-in-kandy-on-september-2-2596684.html
#geopolitics#TheAsiaHawk","","","Facebook","The Asia Hawk","","","","","","2023-07-20-12-19-11-943","https://www.newindianexpress.com/sport/2023/jul/20/asia-cup-india-to-begincampaign-against-pakistan-in-kandy-on-september-2-2596684.html",
"2023-07-23 05:25 am;","But then right to the east of where China is are the nine dashes, and to anyone who's not really focussed on geopolitics, those lines don't mean ...
Read Full Article on https://www.mediaite.com/tv/ted-cruz-accuses-barbie-of-kissing-up-to-the-chinese-communist-party-with-crayon-map/
#geopolitics#TheAsiaHawk","","","Facebook","The Asia Hawk","","","","","","2023-07-20-12-19-11-943","https://www.mediaite.com/tv/ted-cruz-accuses-barbie-of-kissing-up-to-the-chinese-communist-party-with-crayon-map/",
"2023-07-23 06:58 am;","The Foreign Policy program and Artificial Intelligence  amp  Emerging Technology Initiative at Brookings will host a virtual discussion on the nbsp ...
Read Full Article on https://www.youtube.com/watch?v=xPsIO2NAySk
#geopolitics#TheAsiaHawk","","","Facebook","The Asia Hawk","","","","","","2023-07-20-12-19-11-943","https://www.youtube.com/watch?v=xPsIO2NAySk",
"2023-07-23 08:31 am;","KALIAPANI, India  AP    In the dusty mountains of eastern India, ... of critical mineral security and to have access to the global supply chain, ...
Read Full Article on https://thehill.com/homenews/ap/ap-international/ap-india-sets-sights-on-home-mined-minerals-to-boost-its-clean-energy-plans/
#geopolitics#TheAsiaHawk","","","Facebook","The Asia Hawk","","","","","","2023-07-20-12-19-11-943","https://thehill.com/homenews/ap/ap-international/ap-india-sets-sights-on-home-mined-minerals-to-boost-its-clean-energy-plans/",
"2023-07-23 10:04 am;","One Chinese yuan bill lying on top of a US dollar bill.Getty Images De-dollarization risks aren't priced in despite rising US dysfunction and ...
Read Full Article on https://www.businessinsider.com/de-dollarization-dollar-dominance-geopolitics-us-china-jpmorgan-globalization-yuan-2023-7
#geopolitics#TheAsiaHawk","","","Facebook","The Asia Hawk","","","","","","2023-07-20-12-19-11-943","https://www.businessinsider.com/de-dollarization-dollar-dominance-geopolitics-us-china-jpmorgan-globalization-yuan-2023-7",
"2023-07-23 11:37 am;","India is building its naval assets and maritime surveillance ... In December 2022, the government approved a major National Maritime Domain ...
Read Full Article on https://www.cfr.org/blog/indias-efforts-strengthen-indian-ocean-security
#geopolitics#TheAsiaHawk","","","Facebook","The Asia Hawk","","","","","","2023-07-20-12-19-11-943","https://www.cfr.org/blog/indias-efforts-strengthen-indian-ocean-security",
"2023-07-23 01:10 pm;","The power needs of India's data centres more than doubled in three years and ... China's power consumption to outpace US, EU, and India combined.
Read Full Article on https://www.scmp.com/week-asia/economics/article/3228203/india-eyes-us1-trillion-digital-boom-will-it-spawn-data-driven-resource-crunch
#geopolitics#TheAsiaHawk","","","Facebook","The Asia Hawk","","","","","","2023-07-20-12-19-11-943","https://www.scmp.com/week-asia/economics/article/3228203/india-eyes-us1-trillion-digital-boom-will-it-spawn-data-driven-resource-crunch",
"2023-07-23 02:43 pm;","But it was China's Ai Xinliang, a former World Archery Para Champion  2017  and Paralympic gold medallist, who beat Piotr to the top of that ...
Read Full Article on https://www.worldarchery.sport/news/201282/indias-sarita-seeds-top-seven-records-fall-day-one-pilsen
#geopolitics#TheAsiaHawk","","","Facebook","The Asia Hawk","","","","","","2023-07-20-12-19-11-943","https://www.worldarchery.sport/news/201282/indias-sarita-seeds-top-seven-records-fall-day-one-pilsen",
"2023-07-23 04:16 pm;","India's opportunity currently is to cash in on the China-plus-one opportunity. This opportunity won't stay open for 10 years. This is a three-to-five ...
Read Full Article on https://timesofindia.indiatimes.com/business/india-business/india-can-tap-china-plus-1-window-to-create-manufcturing-jobs-worl-bank-president-ajay-banga/articleshow/101970892.cms
#geopolitics#TheAsiaHawk","","","Facebook","The Asia Hawk","","","","","","2023-07-20-12-19-11-943","https://timesofindia.indiatimes.com/business/india-business/india-can-tap-china-plus-1-window-to-create-manufcturing-jobs-worl-bank-president-ajay-banga/articleshow/101970892.cms",
"2023-07-23 05:49 pm;","MUMBAI - Be it 2022 or 2023, India has managed to navigate all headwinds such as inflation, interest rate hikes, and geopolitical risks.
Read Full Article on https://economictimes.indiatimes.com/markets/expert-view/etmarkets-fund-manager-talk-high-time-india-gets-its-due-recognition-among-global-investor-community-tamohara-investment/articleshow/101905252.cms
#geopolitics#TheAsiaHawk","","","Facebook","The Asia Hawk","","","","","","2023-07-20-12-19-11-943","https://economictimes.indiatimes.com/markets/expert-view/etmarkets-fund-manager-talk-high-time-india-gets-its-due-recognition-among-global-investor-community-tamohara-investment/articleshow/101905252.cms",
"2023-07-23 07:22 pm;","India's fragmented and fractious left-of-centre opposition parties have joined forces with the aim of unseating Narendra Modi's ruling Bharatiya ...
Read Full Article on https://www.ft.com/content/9eb5843d-1584-48d2-b3b5-06222e12f03e
#geopolitics#TheAsiaHawk","","","Facebook","The Asia Hawk","","","","","","2023-07-20-12-19-11-943","https://www.ft.com/content/9eb5843d-1584-48d2-b3b5-06222e12f03e",
"2023-07-23 08:55 pm;","... security, identity and existence as a Nation are inseparable from India's national security, especially in its southern neighbourhood.
Read Full Article on https://www.devdiscourse.com/article/international/2527981-sri-lanka-tamil-lawmakers-urge-pm-modi-to-pressurise-president-wickremesinghe-on-power-sharing
#geopolitics#TheAsiaHawk","","","Facebook","The Asia Hawk","","","","","","2023-07-20-12-19-11-943","https://www.devdiscourse.com/article/international/2527981-sri-lanka-tamil-lawmakers-urge-pm-modi-to-pressurise-president-wickremesinghe-on-power-sharing",
"2023-07-23 10:28 pm;","... certain trade activities with them, after determining that the two firms pose a threat to U.S. national security and foreign policy interests.
Read Full Article on https://www.washingtonpost.com/national-security/2023/07/18/entity-list-spyware-intellexa-cytrox/
#geopolitics#TheAsiaHawk","","","Facebook","The Asia Hawk","","","","","","2023-07-20-12-19-11-943","https://www.washingtonpost.com/national-security/2023/07/18/entity-list-spyware-intellexa-cytrox/",
"2023-07-24 12:01 am;","ESPNcricinfo reported Pakistan are set to play India on September 2 in Kandy in the 2023 Asia Cup, which is scheduled to start on August 30, ...
Read Full Article on https://www.arabnews.com/node/2340331/press-review
#geopolitics#TheAsiaHawk","","","Facebook","The Asia Hawk","","","","","","2023-07-20-12-19-11-943","https://www.arabnews.com/node/2340331/press-review",
"2023-07-24 01:34 am;","These values remain relevant in the context of today's geopolitics and geo-economic landscape where we face global competition among major powers.
Read Full Article on https://www.dawn.com/news/1765467/internship-programme-to-enhance-pakistan-indonesia-academic-ties
#geopolitics#TheAsiaHawk","","","Facebook","The Asia Hawk","","","","","","2023-07-20-12-19-11-943","https://www.dawn.com/news/1765467/internship-programme-to-enhance-pakistan-indonesia-academic-ties",
"2023-07-24 03:07 am;","But in Europe, some governments are interested in equating politics and economics, and industrial policies with geopolitics.
Read Full Article on https://www.chinadaily.com.cn/a/202307/20/WS64b88257a31035260b8176e2.html
#geopolitics#TheAsiaHawk","","","Facebook","The Asia Hawk","","","","","","2023-07-20-12-19-11-943","https://www.chinadaily.com.cn/a/202307/20/WS64b88257a31035260b8176e2.html",
"2023-07-24 04:40 am;","China is way ahead of the U.S. in terms of EV adoption,  said Soumen Mandal, a senior analyst for Counterpoint, based in Kolkata, India.
Read Full Article on https://www.nbcnews.com/news/world/chinese-electric-vehicle-makers-lead-world-rivaling-us-pioneers-rcna88990
#geopolitics#TheAsiaHawk","","","Facebook","The Asia Hawk","","","","","","2023-07-20-12-19-11-943","https://www.nbcnews.com/news/world/chinese-electric-vehicle-makers-lead-world-rivaling-us-pioneers-rcna88990",
"2023-07-24 06:13 am;","Kissinger, then US national security adviser, secretly flew to Beijing in July 1971 on a mission to establish relations with communist China.
Read Full Article on https://www.indiatoday.in/world/story/china-foreign-minister-wang-yi-us-diplomat-henry-kissinger-beijing-surprise-visit-2408769-2023-07-19
#geopolitics#TheAsiaHawk","","","Facebook","The Asia Hawk","","","","","","2023-07-20-12-19-11-943","https://www.indiatoday.in/world/story/china-foreign-minister-wang-yi-us-diplomat-henry-kissinger-beijing-surprise-visit-2408769-2023-07-19",
"2023-07-24 07:46 am;","... Mekong region has gained in geopolitics as well as geo-economics. It is natural for India to focus on the region under its Act East policy, ...
Read Full Article on https://www.thehitavada.com/Encyc/2023/7/20/PIVOTAL.html
#geopolitics#TheAsiaHawk","","","Facebook","The Asia Hawk","","","","","","2023-07-20-12-19-11-943","https://www.thehitavada.com/Encyc/2023/7/20/PIVOTAL.html",
"2023-07-24 09:19 am;","The 100-year-old Kissinger met with the ruling Communist Party  39 s diplomat Wang Yi, who said it was  impossible  to transform, encircle or contain nbsp ...
Read Full Article on https://indianexpress.com/article/world/china-looks-to-kissinger-meeting-to-improve-strained-relations-with-us-8848857/
#geopolitics#TheAsiaHawk","","","Facebook","The Asia Hawk","","","","","","2023-07-20-12-19-11-943","https://indianexpress.com/article/world/china-looks-to-kissinger-meeting-to-improve-strained-relations-with-us-8848857/",
"2023-07-24 10:52 am;","Asia Cup 2023: India and Pakistan are scheduled to meet in Kandy on September 2. India, Pakistan and Nepal have been grouped together while Sri ...
Read Full Article on https://www.indiatoday.in/sports/cricket/story/asia-cup-2023-full-schedule-india-vs-pakistan-september-2-venues-super-4-final-dates-2408893-2023-07-19
#geopolitics#TheAsiaHawk","","","Facebook","The Asia Hawk","","","","","","2023-07-20-12-19-11-943","https://www.indiatoday.in/sports/cricket/story/asia-cup-2023-full-schedule-india-vs-pakistan-september-2-venues-super-4-final-dates-2408893-2023-07-19",
"2023-07-24 12:25 pm;","The schedule for the Asia Cup has been announced with the group stage match between Pakistan and India to be played in Kandy.
Read Full Article on https://www.bbc.com/sport/cricket/66248609
#geopolitics#TheAsiaHawk","","","Facebook","The Asia Hawk","","","","","","2023-07-20-12-19-11-943","https://www.bbc.com/sport/cricket/66248609",
"2023-07-24 01:58 pm;","The West's competitive pursuit of India is part of a new geopolitical one-upmateship where the West wants to have an advantage in the new world ...
Read Full Article on https://timesofindia.indiatimes.com/the-geopolitics-behind-pms-rockstar-treatment-abroad/articleshow/101922726.cms
#geopolitics#TheAsiaHawk","","","Facebook","The Asia Hawk","","","","","","2023-07-20-12-19-11-943","https://timesofindia.indiatimes.com/the-geopolitics-behind-pms-rockstar-treatment-abroad/articleshow/101922726.cms",
"2023-07-24 03:31 pm;","Guns and oil. Indian and Russian defense officials met in Delhi to discuss spare parts and maintenance for India's arsenal of Russian defense ...
Read Full Article on https://geopoliticalfutures.com/daily-memo-india-cautious-with-russia-gcc-central-asia-summit/
#geopolitics#TheAsiaHawk","","","Facebook","The Asia Hawk","","","","","","2023-07-20-12-19-11-943","https://geopoliticalfutures.com/daily-memo-india-cautious-with-russia-gcc-central-asia-summit/",
"2023-07-24 05:04 pm;","India's push for De-Dollarization might bring short-term benefits but it ... US dollar, De-Dollarization, China, India,Russian oil, Chinese yuan.
Read Full Article on https://www.financialexpress.com/business/defence-the-fallacy-of-indias-de-dollarization-3177585/
#geopolitics#TheAsiaHawk","","","Facebook","The Asia Hawk","","","","","","2023-07-20-12-19-11-943","https://www.financialexpress.com/business/defence-the-fallacy-of-indias-de-dollarization-3177585/",
"2023-07-24 06:37 pm;","China. Semiconductors. Atonarp Inc. USA. Semiconductors. Auspitek  Shenzhen  Inc. China. Communications. Bankbazaar.com. India. Internet.
Read Full Article on https://www.waldenintl.com/
#geopolitics#TheAsiaHawk","","","Facebook","The Asia Hawk","","","","","","2023-07-20-12-19-11-943","https://www.waldenintl.com/",
"2023-07-24 08:10 pm;","Additionally, it has been claimed by these media sites that Pakistan is destabilizing Afghanistan and India through the use of Afghan refugees as a ...
Read Full Article on https://www.eurasiareview.com/19072023-indias-false-flag-campaign-against-afghan-refugees-in-pakistan-oped/
#geopolitics#TheAsiaHawk","","","Facebook","The Asia Hawk","","","","","","2023-07-20-12-19-11-943","https://www.eurasiareview.com/19072023-indias-false-flag-campaign-against-afghan-refugees-in-pakistan-oped/",
"2023-07-24 09:43 pm;","China's impressive export performance can be attributed to its large population, rapid economic growth, and export-oriented manufacturing sector. The ...
Read Full Article on https://thegeopolitics.com/contemporary-global-economy-who-are-the-biggest-trade-partners/
#geopolitics#TheAsiaHawk","","","Facebook","The Asia Hawk","","","","","","2023-07-20-12-19-11-943","https://thegeopolitics.com/contemporary-global-economy-who-are-the-biggest-trade-partners/",
"2023-07-24 11:16 pm;","China's reserve hoarding raises global economic concerns. Embracing transparency and cooperation is crucial for financial stability and a balanced ...
Read Full Article on https://thegeopolitics.com/hoarding-dollars-how-china-is-jeopardizing-the-world-economy/
#geopolitics#TheAsiaHawk","","","Facebook","The Asia Hawk","","","","","","2023-07-20-12-19-11-943","https://thegeopolitics.com/hoarding-dollars-how-china-is-jeopardizing-the-world-economy/",
"2023-07-25 12:49 am;","Buffer states have been important in geopolitical thought as they are usually smaller states situated between two  or more  larger contending ...
Read Full Article on https://www.e-ir.info/2023/07/19/re-situating-the-buffer-state-in-international-relations-nepals-relations-with-india-and-china/
#geopolitics#TheAsiaHawk","","","Facebook","The Asia Hawk","","","","","","2023-07-20-12-19-11-943","https://www.e-ir.info/2023/07/19/re-situating-the-buffer-state-in-international-relations-nepals-relations-with-india-and-china/",
"2023-07-25 02:22 am;","NEW DELHI - At least 15 people, including a police official and three home guards personnel, were killed and six others suffered critical injuries nbsp ...
Read Full Article on https://global.chinadaily.com.cn/a/202307/19/WS64b7a7d3a31035260b81754a.html
#geopolitics#TheAsiaHawk","","","Facebook","The Asia Hawk","","","","","","2023-07-20-12-19-11-943","https://global.chinadaily.com.cn/a/202307/19/WS64b7a7d3a31035260b81754a.html",
"2023-07-25 03:55 am;","India A cruised to a routine victory of Pakistan Shaheens in the Emerging Teams Asia Cup, sealing an eight-wicket victory.
Read Full Article on https://wisden.com/series-stories/acc-emerging-mens-asia-cup-2023/hangargekar-five-for-sudarshan-century-headline-india-a-thrashing-of-pakistan-shaheens-in-emerging-teams-asia-cup
#geopolitics#TheAsiaHawk","","","Facebook","The Asia Hawk","","","","","","2023-07-20-12-19-11-943","https://wisden.com/series-stories/acc-emerging-mens-asia-cup-2023/hangargekar-five-for-sudarshan-century-headline-india-a-thrashing-of-pakistan-shaheens-in-emerging-teams-asia-cup",
"2023-07-25 05:28 am;","Rather, it is a function of geopolitics. India's own experience with nuclear apartheid and space technology denials can attest to it.
Read Full Article on https://www.tribuneindia.com/news/comment/india-japan-must-share-resources-to-firm-up-semiconductor-supply-chain-527213
#geopolitics#TheAsiaHawk","","","Facebook","The Asia Hawk","","","","","","2023-07-20-12-19-11-943","https://www.tribuneindia.com/news/comment/india-japan-must-share-resources-to-firm-up-semiconductor-supply-chain-527213",
"2023-07-25 07:01 am;","First Solar of the US will invest  billions of dollars  for solar panel production in India that will not source materials from China, ...
Read Full Article on https://m.economictimes.com/industry/renewables/first-solar-to-make-solar-panels-in-india-no-china-input-us-energy-secretary-jennifer-granholm/articleshow/101970403.cms
#geopolitics#TheAsiaHawk","","","Facebook","The Asia Hawk","","","","","","2023-07-20-12-19-11-943","https://m.economictimes.com/industry/renewables/first-solar-to-make-solar-panels-in-india-no-china-input-us-energy-secretary-jennifer-granholm/articleshow/101970403.cms",
"2023-07-25 08:34 am;","Virat Kohli shakes hands with Pakistan's Mohammad Wasim following the T20 World Cup cricket match between India and Pakistan in Melbourne, ...
Read Full Article on https://www.tribuneindia.com/news/sports/asia-cup-india-to-open-campaign-against-pakistan-in-kandy-on-sept-2-meet-again-in-colombo-on-sep-10-527145
#geopolitics#TheAsiaHawk","","","Facebook","The Asia Hawk","","","","","","2023-07-20-12-19-11-943","https://www.tribuneindia.com/news/sports/asia-cup-india-to-open-campaign-against-pakistan-in-kandy-on-sept-2-meet-again-in-colombo-on-sep-10-527145",
"2023-07-25 10:07 am;","The decision to boost bilateral security cooperation was taken at the second security dialogue in Bishkek. Deputy National Security Advisor, ...
Read Full Article on https://economictimes.indiatimes.com/news/defence/india-kyrgyzstan-to-intensify-partnership-to-counter-terror-and-combat-radicalization/articleshow/101882557.cms
#geopolitics#TheAsiaHawk","","","Facebook","The Asia Hawk","","","","","","2023-07-20-12-19-11-943","https://economictimes.indiatimes.com/news/defence/india-kyrgyzstan-to-intensify-partnership-to-counter-terror-and-combat-radicalization/articleshow/101882557.cms",
"2023-07-25 11:40 am;","Food security was a key priority, Sitharaman said. Members raised Russia's move Monday to halt the deal that allowed grain to flow from Ukraine via ...
Read Full Article on https://thehill.com/homenews/ap/ap-business/ap-g20-finance-chiefs-end-their-meeting-in-india-without-consensus-on-the-war-in-ukraine/
#geopolitics#TheAsiaHawk","","","Facebook","The Asia Hawk","","","","","","2023-07-20-12-19-11-943","https://thehill.com/homenews/ap/ap-business/ap-g20-finance-chiefs-end-their-meeting-in-india-without-consensus-on-the-war-in-ukraine/",
"2023-07-25 01:13 pm;","Fierce rivals Pakistan and India will meet in Sri Lanka on September 2 for their first one-day international clash in four years, according to the ...
Read Full Article on https://www.barrons.com/articles/kandy-clash-on-the-cards-for-pakistan-and-india-in-asia-cup-a46b62f4
#geopolitics#TheAsiaHawk","","","Facebook","The Asia Hawk","","","","","","2023-07-20-12-19-11-943","https://www.barrons.com/articles/kandy-clash-on-the-cards-for-pakistan-and-india-in-asia-cup-a46b62f4",
"2023-07-25 02:46 pm;","Geopolitics will always remain the reason for some correction at any given point in time but that is not something we can predict or forecast.
Read Full Article on https://m.economictimes.com/markets/expert-view/etmarkets-fund-manager-talk-high-time-india-gets-its-due-recognition-among-global-investor-community-tamohara-investment/articleshow/101905252.cms
#geopolitics#TheAsiaHawk","","","Facebook","The Asia Hawk","","","","","","2023-07-20-12-19-11-943","https://m.economictimes.com/markets/expert-view/etmarkets-fund-manager-talk-high-time-india-gets-its-due-recognition-among-global-investor-community-tamohara-investment/articleshow/101905252.cms",
"2023-07-25 04:19 pm;","Similarly in February and March, when India hosted G-20 finance chiefs and foreign ministers, objections from Russia and China meant that India ...
Read Full Article on https://thediplomat.com/2023/07/g20-finance-chiefs-end-meeting-in-india-without-consensus-on-the-war-in-ukraine/
#geopolitics#TheAsiaHawk","","","Facebook","The Asia Hawk","","","","","","2023-07-20-12-19-11-943","https://thediplomat.com/2023/07/g20-finance-chiefs-end-meeting-in-india-without-consensus-on-the-war-in-ukraine/",
"2023-07-25 05:52 pm;","US President Joe Biden and French Premier Emmanuel Macron laid out the red carpet for Prime Minister Narendra Modi recently, shrugging off human nbsp ...
Read Full Article on https://www.newindianexpress.com/opinions/editorials/2023/jul/20/strong-vote-for-indias-business-strength-but-watch-red-flags-2596507.html
#geopolitics#TheAsiaHawk","","","Facebook","The Asia Hawk","","","","","","2023-07-20-12-19-11-943","https://www.newindianexpress.com/opinions/editorials/2023/jul/20/strong-vote-for-indias-business-strength-but-watch-red-flags-2596507.html",
"2023-07-25 07:25 pm;","Dong Jingwei has been appointed head of China's national security office in Hong Kong, the country's ministry of human resources said in a ...
Read Full Article on https://www.deccanherald.com/international/world-news-politics/chinas-top-spy-catcher-named-head-of-national-security-office-in-hong-kong-1238374.html
#geopolitics#TheAsiaHawk","","","Facebook","The Asia Hawk","","","","","","2023-07-20-12-19-11-943","https://www.deccanherald.com/international/world-news-politics/chinas-top-spy-catcher-named-head-of-national-security-office-in-hong-kong-1238374.html",
"2023-07-25 08:58 pm;","Yale data shared with Insider illustrate that China is now Russia's largest import and export partner.Yet, Russia remains just the 11th most ...
Read Full Article on https://www.businessinsider.in/stock-market/news/russia-and-chinas-trade-relationship-has-become-increasingly-lopsided/articleshow/101965398.cms
#geopolitics#TheAsiaHawk","","","Facebook","The Asia Hawk","","","","","","2023-07-20-12-19-11-943","https://www.businessinsider.in/stock-market/news/russia-and-chinas-trade-relationship-has-become-increasingly-lopsided/articleshow/101965398.cms",
"2023-07-25 10:31 pm;","China.org.cn   By Tom Fowdy   July 20, 2023. The supply chain is being subordinated to geopolitics in a manner that will harm, rather than support ...
Read Full Article on http://www.china.org.cn/opinion/2023-07/20/content_93214661.htm
#geopolitics#TheAsiaHawk","","","Facebook","The Asia Hawk","","","","","","2023-07-20-12-19-11-943","http://www.china.org.cn/opinion/2023-07/20/content_93214661.htm",
"2023-07-26 12:04 am;","An Indian paramilitary soldier guard outside a shop at a busy market in Srinagar, Indian controlled Kashmir, Tuesday, July 18, 2023.
Read Full Article on https://www.goshennews.com/news/national_news/india-kashmir-security/image_750496bd-68b9-5be0-8b97-6f334b202bbf.html
#geopolitics#TheAsiaHawk","","","Facebook","The Asia Hawk","","","","","","2023-07-20-12-19-11-943","https://www.goshennews.com/news/national_news/india-kashmir-security/image_750496bd-68b9-5be0-8b97-6f334b202bbf.html",
"2023-07-26 01:37 am;","Chinese President XI Jinping and Indian Prime Minister Narendra Modi.
Read Full Article on http://island.lk/crucial-importance-of-cordial-india-china-ties-for-southern-development/
#geopolitics#TheAsiaHawk","","","Facebook","The Asia Hawk","","","","","","2023-07-20-12-19-11-943","http://island.lk/crucial-importance-of-cordial-india-china-ties-for-southern-development/",
"2023-07-26 03:10 am;","TOKYO -- U.S. President Joe Biden rolled out the red carpet for visiting Indian Prime Minister Narendra Modi in late June, but their demonstration ...
Read Full Article on https://asia.nikkei.com/Spotlight/Comment/Odd-bedfellows-U.S.-India-unite-against-China-s-military-threat
#geopolitics#TheAsiaHawk","","","Facebook","The Asia Hawk","","","","","","2023-07-20-12-19-11-943","https://asia.nikkei.com/Spotlight/Comment/Odd-bedfellows-U.S.-India-unite-against-China-s-military-threat",
"2023-07-26 04:43 am;","Delayed by political tensions between cricket rivals Pakistan and India the Asia Cup's long-awaited schedule has been announced.
Read Full Article on https://apnews.com/article/asia-cup-sri-lanka-pakistan-india-1db063407be2fe529d4836dadd3718e8
#geopolitics#TheAsiaHawk","","","Facebook","The Asia Hawk","","","","","","2023-07-20-12-19-11-943","https://apnews.com/article/asia-cup-sri-lanka-pakistan-india-1db063407be2fe529d4836dadd3718e8",
"2023-07-26 06:16 am;","Banga, 63, former Mastercard CEO, was appointed World Bank chief last month.  India's opportunity currently is to cash in on the China 1 opportunity,  ...
Read Full Article on https://economictimes.indiatimes.com/news/india/india-has-3-5-year-to-cash-in-on-the-china1-window-world-bank-president-ajay-banga/articleshow/101970626.cms
#geopolitics#TheAsiaHawk","","","Facebook","The Asia Hawk","","","","","","2023-07-20-12-19-11-943","https://economictimes.indiatimes.com/news/india/india-has-3-5-year-to-cash-in-on-the-china1-window-world-bank-president-ajay-banga/articleshow/101970626.cms",
"2023-07-26 07:49 am;","However, on the positive front, China's top economic planner pledged on ... Disney explores strategic options for Star India business: Report.
Read Full Article on https://www.businesstoday.in/latest/world/story/oil-retreats-on-us-demand-worries-despite-china-stimulus-supply-390387-2023-07-19
#geopolitics#TheAsiaHawk","","","Facebook","The Asia Hawk","","","","","","2023-07-20-12-19-11-943","https://www.businesstoday.in/latest/world/story/oil-retreats-on-us-demand-worries-despite-china-stimulus-supply-390387-2023-07-19",
"2023-07-26 09:22 am;","Filings signal: Sino-India geopolitical relations dominate transport and infrastructural filings. Geopolitics and emerging economies have been the ...
Read Full Article on https://www.ship-technology.com/author/alexblair/
#geopolitics#TheAsiaHawk","","","Facebook","The Asia Hawk","","","","","","2023-07-20-12-19-11-943","https://www.ship-technology.com/author/alexblair/",
"2023-07-26 10:55 am;","A total of 13 matches will be played in the tournament. Pakistan is grouped with India and Nepal in Group A, while Sri Lanka, Bangladesh, ...
Read Full Article on https://economictimes.indiatimes.com/news/sports/asia-cup-2023-full-schedule-india-pakistan-match-on-september-2/articleshow/101959015.cms
#geopolitics#TheAsiaHawk","","","Facebook","The Asia Hawk","","","","","","2023-07-20-12-19-11-943","https://economictimes.indiatimes.com/news/sports/asia-cup-2023-full-schedule-india-pakistan-match-on-september-2/articleshow/101959015.cms",
"2023-07-26 12:28 pm;","China's Silent Threat: Intellectual Property Theft. The US National Security Agency likes to say that if Russia's intense, headline grabbing cyber ...
Read Full Article on https://securityboulevard.com/2023/07/assessing-the-current-state-of-geopolitics-and-cybersecurity/
#geopolitics#TheAsiaHawk","","","Facebook","The Asia Hawk","","","","","","2023-07-20-12-19-11-943","https://securityboulevard.com/2023/07/assessing-the-current-state-of-geopolitics-and-cybersecurity/",
"2023-07-26 02:01 pm;","Politics, Geopolitics, and China's Role in the World's Renewable Energy Transition examined China's climate positions and policies, ...
Read Full Article on https://penntoday.upenn.edu/news/penn-global-china-uae-and-race-stop-climate-change
#geopolitics#TheAsiaHawk","","","Facebook","The Asia Hawk","","","","","","2023-07-20-12-19-11-943","https://penntoday.upenn.edu/news/penn-global-china-uae-and-race-stop-climate-change",
"2023-07-26 03:34 pm;","ACCMensEmergingTeamsAsiaCup   Match Highlights   Match 12   Pakistan 'A' vs India 'A'
Read Full Article on https://www.youtube.com/watch?v=SEOMZapBOMI
#geopolitics#TheAsiaHawk","","","Facebook","The Asia Hawk","","","","","","2023-07-20-12-19-11-943","https://www.youtube.com/watch?v=SEOMZapBOMI",
"2023-07-26 05:07 pm;","Following its summit in Lithuania earlier this month, NATO has indicated that it will start focusing on the Indo-Pacific given China's ...
Read Full Article on https://www.etvbharat.com/english/international/top-news/nato-focus-on-indo-pacific-implications-for-india-and-geopolitics/na20230719221111869869685
#geopolitics#TheAsiaHawk","","","Facebook","The Asia Hawk","","","","","","2023-07-20-12-19-11-943","https://www.etvbharat.com/english/international/top-news/nato-focus-on-indo-pacific-implications-for-india-and-geopolitics/na20230719221111869869685",
"2023-07-26 06:40 pm;","The Tamil National Alliance  TNA  has written to Indian Prime Minister ... TNA leader R. Sampanthan says the Tamil People's safety, security, ...
Read Full Article on https://colombogazette.com/2023/07/18/tna-writes-to-modi-ahead-of-ranils-visit/
#geopolitics#TheAsiaHawk","","","Facebook","The Asia Hawk","","","","","","2023-07-20-12-19-11-943","https://colombogazette.com/2023/07/18/tna-writes-to-modi-ahead-of-ranils-visit/",
"2023-07-26 08:13 pm;","Nagpur: For the first time ever, India surpassed China as the top developer of coal-based steel capacity, according to the latest report from ...
Read Full Article on https://m.timesofindia.com/city/nagpur/indias-coal-based-steel-capacity-now-more-than-china-report/articleshow/101967301.cms
#geopolitics#TheAsiaHawk","","","Facebook","The Asia Hawk","","","","","","2023-07-20-12-19-11-943","https://m.timesofindia.com/city/nagpur/indias-coal-based-steel-capacity-now-more-than-china-report/articleshow/101967301.cms",
"2023-07-26 09:46 pm;","The Border Security Force  BSF  of India, responsible for safeguarding the Indian side of the international border, reported over 268 drone ...
Read Full Article on https://indiaai.gov.in/article/protecting-critical-infrastructure-assessing-the-vulnerability-of-drone-targets
#geopolitics#TheAsiaHawk","","","Facebook","The Asia Hawk","","","","","","2023-07-20-12-19-11-943","https://indiaai.gov.in/article/protecting-critical-infrastructure-assessing-the-vulnerability-of-drone-targets",
"2023-07-26 11:19 pm;","Tonight on Gravitas:- Is China weaponising the Brahmaputra?- Where is China's foreign minister?- World's most powerful passport- Why are Americans ...
Read Full Article on https://www.youtube.com/watch?v=3VLABWMK5os
#geopolitics#TheAsiaHawk","","","Facebook","The Asia Hawk","","","","","","2023-07-20-12-19-11-943","https://www.youtube.com/watch?v=3VLABWMK5os",
"2023-07-27 12:52 am;","Wendy Liu, JPMorgan's chief Asia and China equity strategist, says digitalization and artificial intelligence development will give companies a ...
Read Full Article on https://www.youtube.com/watch?v=tmyB_KSjYpI
#geopolitics#TheAsiaHawk","","","Facebook","The Asia Hawk","","","","","","2023-07-20-12-19-11-943","https://www.youtube.com/watch?v=tmyB_KSjYpI",
"2023-07-27 02:25 am;","Geopolitics. J K: Pakistan's Proxy War and India's Response.
Read Full Article on http://www.indiandefencereview.com/news/jk-pakistans-proxy-war-and-indias-response/
#geopolitics#TheAsiaHawk","","","Facebook","The Asia Hawk","","","","","","2023-07-20-12-19-11-943","http://www.indiandefencereview.com/news/jk-pakistans-proxy-war-and-indias-response/",
"2023-07-27 03:58 am;","As many six teams, including India, Pakistan, Nepal, Afghanistan, Sri Lanka and Bangladesh, will play the 50-over format of Asia Cup 2023.
Read Full Article on https://www.business-standard.com/cricket/news/asia-cup-2023-schedule-india-vs-pakistan-on-september-2-in-kandy-123071900985_1.html
#geopolitics#TheAsiaHawk","","","Facebook","The Asia Hawk","","","","","","2023-07-20-12-19-11-943","https://www.business-standard.com/cricket/news/asia-cup-2023-schedule-india-vs-pakistan-on-september-2-in-kandy-123071900985_1.html",
"2023-07-27 05:31 am;","India 'A' and Pakistan 'A' are all set to lock horns against each other in Match 12 of the ongoing ACC Men's Emerging Cup in Sri Lanka.
Read Full Article on https://www.republicworld.com/sports-news/cricket-news/india-vs-pakistan-live-score-updates-ind-vs-pak-acc-emerging-asia-cup-match-live-score-liveblog.html
#geopolitics#TheAsiaHawk","","","Facebook","The Asia Hawk","","","","","","2023-07-20-12-19-11-943","https://www.republicworld.com/sports-news/cricket-news/india-vs-pakistan-live-score-updates-ind-vs-pak-acc-emerging-asia-cup-match-live-score-liveblog.html",
"2023-07-27 07:04 am;","... Peru Protests Against President Boluarte. Geopolitics South America ... US Chip Companies Fear More Anti-China Restrictions: Biden and SIA.
Read Full Article on https://moderntokyotimes.com/peru-protests-against-president-boluarte/
#geopolitics#TheAsiaHawk","","","Facebook","The Asia Hawk","","","","","","2023-07-20-12-19-11-943","https://moderntokyotimes.com/peru-protests-against-president-boluarte/",
"2023-07-27 08:37 am;","Cricket News: Sai Sudharsan and Rajvardhan Hangargekar's outstanding performances led India A to a resounding eight-wicket victory over Pakistan A ...
Read Full Article on https://m.timesofindia.com/sports/cricket/news/emerging-asia-cup-hangargekar-takes-5-sudharsan-hits-ton-as-india-a-smash-pakistan-a-by-8-wickets/articleshow/101965184.cms
#geopolitics#TheAsiaHawk","","","Facebook","The Asia Hawk","","","","","","2023-07-20-12-19-11-943","https://m.timesofindia.com/sports/cricket/news/emerging-asia-cup-hangargekar-takes-5-sudharsan-hits-ton-as-india-a-smash-pakistan-a-by-8-wickets/articleshow/101965184.cms",
"2023-07-27 10:10 am;","Previously, he served in several roles on the National Security Council  NSC  and National Economic Council  NEC  in the Obama Administration.
Read Full Article on https://www.sakshipost.com/news/indian-americans-named-us-exim-advisory-councils-210464
#geopolitics#TheAsiaHawk","","","Facebook","The Asia Hawk","","","","","","2023-07-20-12-19-11-943","https://www.sakshipost.com/news/indian-americans-named-us-exim-advisory-councils-210464",
"2023-07-27 11:43 am;","G20 chair India is at the forefront of pushing reformed ... the United Arab Emirates and France has shown how India navigates complex geopolitics ...
Read Full Article on https://kathmandupost.com/columns/2023/07/19/navigating-global-power-competition
#geopolitics#TheAsiaHawk","","","Facebook","The Asia Hawk","","","","","","2023-07-20-12-19-11-943","https://kathmandupost.com/columns/2023/07/19/navigating-global-power-competition",
