"2023-06-30 04:19 AM;","A 1997 conversation with the mother of Grant Hill on balancing parenting with celebrity still has weight in 2023. Grant Hill Janet Hill ...
Read Full Article on https://andscape.com/features/ja-morant-janet-hill-and-reaching-back-for-perspective/
##parenting#parenting","","","Facebook","Dave's Academy","","","","","","2023-06-30-02-59-33-692","https://andscape.com/features/ja-morant-janet-hill-and-reaching-back-for-perspective/",
"2023-06-30 05:39 AM;","Her last post contains a list of useful parenting tips that she uses when raising her daughters, Esmeralda and Amada. RELATED:.
Read Full Article on https://www.hola.com/us/celebrities/20230629347454/eva-mendes-parenting-tips/
##parenting#parenting","","","Facebook","Dave's Academy","","","","","","2023-06-30-02-59-33-692","https://www.hola.com/us/celebrities/20230629347454/eva-mendes-parenting-tips/",
"2023-06-30 06:59 AM;","On this episode of Not a Parenting Podcast, we discuss blended families, small business ownership, and overcoming fears and boundaries with the ...
Read Full Article on https://www.sandiegomagazine.com/people/not-a-parenting-podcast/the-mental-bar/article_0b667dc8-1638-11ee-ba05-e31f415c233b.html
##parenting#parenting","","","Facebook","Dave's Academy","","","","","","2023-06-30-02-59-33-692","https://www.sandiegomagazine.com/people/not-a-parenting-podcast/the-mental-bar/article_0b667dc8-1638-11ee-ba05-e31f415c233b.html",
"2023-06-30 08:19 AM;","The Alberta Court of King's Bench has granted a father's request for parenting time with his child, upon finding that it is unlikely that the ...
Read Full Article on https://www.canadianlawyermag.com/practice-areas/family/alberta-court-denies-relief-to-the-mother-unwilling-to-involve-the-father-in-the-childs-life/377330
##parenting#parenting","","","Facebook","Dave's Academy","","","","","","2023-06-30-02-59-33-692","https://www.canadianlawyermag.com/practice-areas/family/alberta-court-denies-relief-to-the-mother-unwilling-to-involve-the-father-in-the-childs-life/377330",
"2023-06-30 09:39 AM;","Laura Baskall Smith's From-The-Heart Parenting Guide For Kids with Apraxia Heads Off to Exhibit at San Diego Union-Tribune Festival of Books.
Read Full Article on https://www.webwire.com/ViewPressRel.asp?aId=307342
##parenting#parenting","","","Facebook","Dave's Academy","","","","","","2023-06-30-02-59-33-692","https://www.webwire.com/ViewPressRel.asp?aId=307342",
"2023-06-30 10:59 AM;","Parenting author Jenna Hermans will sign and discuss her book “Chaos to Calm” on Wednesday, July 5, from 6:30-10 p.m. at Barnes & Noble at The ...
Read Full Article on https://beverlypress.com/2023/06/book-on-parenting/
##parenting#parenting","","","Facebook","Dave's Academy","","","","","","2023-06-30-02-59-33-692","https://beverlypress.com/2023/06/book-on-parenting/",
"2023-06-30 12:19 PM;","Kim Kardashian admitted to a parenting fail when it came to her daughter North West. She agrees with her ex-husband Kanye West.
Read Full Article on https://celebratingthesoaps.com/celebrity-news/kim-kardashian-admits-parenting-fail-what-is-it/
##parenting#parenting","","","Facebook","Dave's Academy","","","","","","2023-06-30-02-59-33-692","https://celebratingthesoaps.com/celebrity-news/kim-kardashian-admits-parenting-fail-what-is-it/",
"2023-06-30 01:39 PM;","John Mulaney appeared on Sean Evans&#39;s interview show–slash–endurance challenge, &#39;Hot Ones,&#39; to talk about his infamous &#39;GQ&#39; interview,&nbsp;...
Read Full Article on https://www.vulture.com/2023/06/watch-john-mulaney-discuss-parenting-goldfish-on-hot-ones.html
##parenting#parenting","","","Facebook","Dave's Academy","","","","","","2023-06-30-02-59-33-692","https://www.vulture.com/2023/06/watch-john-mulaney-discuss-parenting-goldfish-on-hot-ones.html",
"2023-06-30 02:59 PM;","Here's all the royal news you need to know for the week of June 29, 2023, from Prince William's parenting moment to Kate Middleton's pink outfit.
Read Full Article on https://www.purewow.com/news/royal-news-roundup-kate-middleton-pink
##parenting#parenting","","","Facebook","Dave's Academy","","","","","","2023-06-30-02-59-33-692","https://www.purewow.com/news/royal-news-roundup-kate-middleton-pink",
"2023-06-30 04:19 PM;","A Taranaki-wide parenting programme has just celebrated its 200th course. Space groups are for parents of new babies, to help them navigate the ...
Read Full Article on https://i.stuff.co.nz/taranaki-daily-news/news/300916341/parenting-group-celebrates-taranaki-milestone-along-with-babies
##parenting#parenting","","","Facebook","Dave's Academy","","","","","","2023-06-30-02-59-33-692","https://i.stuff.co.nz/taranaki-daily-news/news/300916341/parenting-group-celebrates-taranaki-milestone-along-with-babies",
"2023-06-30 05:39 PM;","Parenting is a strong experience and journey. There are no excuses when it comes to your own blood. There are a lot of obstacles that a parent has ...
Read Full Article on https://www.essentiallysports.com/nba-basketball-news-daughter-zayas-fear-slapped-dwyane-wade-with-a-brutal-reality-check-of-his-parental-skills/
##parenting#parenting","","","Facebook","Dave's Academy","","","","","","2023-06-30-02-59-33-692","https://www.essentiallysports.com/nba-basketball-news-daughter-zayas-fear-slapped-dwyane-wade-with-a-brutal-reality-check-of-his-parental-skills/",
"2023-06-30 06:59 PM;","The Space parenting programme has just celebrated its 200th course.
Read Full Article on https://www.stuff.co.nz/taranaki-daily-news/news/300916341/parenting-group-celebrates-taranaki-milestone-along-with-babies
##parenting#parenting","","","Facebook","Dave's Academy","","","","","","2023-06-30-02-59-33-692","https://www.stuff.co.nz/taranaki-daily-news/news/300916341/parenting-group-celebrates-taranaki-milestone-along-with-babies",
"2023-06-30 08:19 PM;","The NBA legend said that he had to re-evaluate his ideas of parenting and masculinity.
Read Full Article on https://www.bet.com/article/epy99o/dwyane-wade-says-daughter-zaya-was-afraid-to-come-out-to-him
##parenting#parenting","","","Facebook","Dave's Academy","","","","","","2023-06-30-02-59-33-692","https://www.bet.com/article/epy99o/dwyane-wade-says-daughter-zaya-was-afraid-to-come-out-to-him",
"2023-06-30 09:39 PM;","Nikki Jurcutz, mum and the CEO of parenting organisation Tiny Hearts Education, says it can take up to 15 minutes for emergency services to reach ...
Read Full Article on https://www.dailymail.co.uk/femail/parenting/article-12245257/Tiny-Hearts-Education-Paramedic-waiting-ambulance-Australia.html
##parenting#parenting","","","Facebook","Dave's Academy","","","","","","2023-06-30-02-59-33-692","https://www.dailymail.co.uk/femail/parenting/article-12245257/Tiny-Hearts-Education-Paramedic-waiting-ambulance-Australia.html",
"2023-06-30 10:59 PM;","Stuck indoors during the peak of COVID lockdown, science journalist Rachel Nuwer found herself at a professional crossroads.
Read Full Article on https://the1a.org/segments/the-history-and-potential-mdma/
##parenting#parenting","","","Facebook","Dave's Academy","","","","","","2023-06-30-02-59-33-692","https://the1a.org/segments/the-history-and-potential-mdma/",
"2023-07-01 12:19 AM;","More in South Florida Parenting. Are you ready for Independence Day? South Florida cities are preparing to light up the ...
Read Full Article on https://www.sun-sentinel.com/2023/06/29/life-without-a-phone-opinion/
##parenting#parenting","","","Facebook","Dave's Academy","","","","","","2023-06-30-02-59-33-692","https://www.sun-sentinel.com/2023/06/29/life-without-a-phone-opinion/",
"2023-07-01 01:39 AM;","Jason Derulo —award-winning singer, songwriter, and entrepreneur—joins &quot;Forbes Talks&quot; to discuss his success in business, music and social media.
Read Full Article on https://www.youtube.com/watch?v=zSBWLKjdQbo
##parenting#parenting","","","Facebook","Dave's Academy","","","","","","2023-06-30-02-59-33-692","https://www.youtube.com/watch?v=zSBWLKjdQbo",
"2023-07-01 02:59 AM;","... maternal grandparents temporary legal and physical custody of the kids while ordering the children's father, Adam Fravel, have no parenting time.
Read Full Article on https://kstp.com/kstp-news/local-news/kingsburys-parents-given-custody-of-her-kids-fravel-denied-parenting-time/
##parenting#parenting","","","Facebook","Dave's Academy","","","","","","2023-06-30-02-59-33-692","https://kstp.com/kstp-news/local-news/kingsburys-parents-given-custody-of-her-kids-fravel-denied-parenting-time/",
